HistoryType,FirstSeenMarketDate,RecordedAtUTC,Ticker,Score,Stage,Price,DrawdownToBottomPct,RecoveryPct,BottomWeeks,VolumeRatio4wVs12w,AverageDollarVolume,DistanceSMA10Pct,DistanceSMA40Pct,DistanceSMA200wPct,Distance52wHighPct,LastDate,Name,Exchange
baseline,2026-08-03,2026-08-26T20:11:36.344139+00:00,FBK,91.7,ブレイク接近,60.84,17.1,97.0,16,1.41,116258482,6.6,9.7,42.3,-0.5,2026-08-03,FB Financial Corporation Common Stock,NYSE
baseline,2026-08-03,2026-08-26T20:11:36.344139+00:00,ONC,91.6,ブレイク接近,348.27,27.0,85.8,7,1.77,556264052,16.7,10.9,49.3,-4.8,2026-08-03,BeOne Medicines Ltd. - American Depositary Shares,NASDAQ
baseline,2026-08-03,2026-08-26T20:11:36.344139+00:00,QTWO,90.8,右肩上がり確認,62.81,37.4,77.9,7,1.24,242452558,21.3,10.3,10.5,-23.6,2026-08-03,"Q2 Holdings, Inc. Common Stock",NYSE
baseline,2026-08-03,2026-08-26T20:11:36.344139+00:00,CSW,90.6,ブレイク接近,350.68,22.5,127.6,11,1.5,242578755,21.2,22.7,43.0,0.0,2026-08-03,"CSW Industrials, Inc. Common Stock",NYSE
baseline,2026-08-03,2026-08-26T20:11:36.344139+00:00,CTAS,90.3,ブレイク接近,203.05,18.6,100.0,12,1.37,2235272861,8.1,9.8,22.4,-5.5,2026-08-03,Cintas Corporation - Common Stock,NASDAQ
baseline,2026-08-03,2026-08-26T20:11:36.344139+00:00,TBBK,90.1,ブレイク接近,69.64,26.1,99.8,9,1.08,146103164,10.1,13.9,46.7,-11.6,2026-08-03,"The Bancorp, Inc. - Common Stock",NASDAQ
baseline,2026-08-03,2026-08-26T20:11:36.344139+00:00,SSB,89.0,ブレイク接近,108.12,16.8,109.0,10,1.22,449779024,7.2,12.6,29.8,0.0,2026-08-03,SouthState Bank Corporation Common Stock,NYSE
baseline,2026-08-03,2026-08-26T20:11:36.344139+00:00,RPM,88.9,ブレイク接近,117.36,21.1,101.5,5,1.42,505390642,8.4,11.1,13.3,-6.1,2026-08-03,RPM International Inc. Common Stock,NYSE
baseline,2026-08-03,2026-08-26T20:11:36.344139+00:00,HBAN,88.7,右肩上がり確認,17.55,21.1,66.0,8,1.39,2085593328,0.7,5.3,29.4,-7.2,2026-08-03,Huntington Bancshares Incorporated - Common Stock,NASDAQ
baseline,2026-08-03,2026-08-26T20:11:36.344139+00:00,MHK,88.3,ブレイク接近,136.06,27.4,109.5,10,1.3,523117335,17.7,21.6,20.4,-2.3,2026-08-03,"Mohawk Industries, Inc. Common Stock",NYSE
baseline,2026-08-03,2026-08-26T20:11:36.344139+00:00,RDNT,88.3,ブレイク接近,72.39,28.4,96.2,8,0.97,291338014,16.8,10.1,43.8,-13.2,2026-08-03,"RadNet, Inc. - Common Stock",NASDAQ
baseline,2026-08-03,2026-08-26T20:11:36.344139+00:00,SBCF,88.1,ブレイク接近,34.55,15.9,98.0,14,1.21,188751963,5.0,9.0,31.7,-0.5,2026-08-03,Seacoast Banking Corporation of Florida - Common Stock,NASDAQ
baseline,2026-08-03,2026-08-26T20:11:36.344139+00:00,UTZ,87.8,ブレイク接近,14.11,35.3,187.0,12,3.97,276250748,49.4,56.8,3.4,-0.1,2026-08-03,Utz Brands Inc Class A Common Stock ,NYSE
baseline,2026-08-03,2026-08-26T20:11:36.344139+00:00,RITM,87.8,右肩上がり確認,10.19,25.6,65.7,6,1.38,281403264,9.8,4.8,17.2,-10.9,2026-08-03,Rithm Capital Corp. Common Stock,NYSE
baseline,2026-08-03,2026-08-26T20:11:36.344139+00:00,GMAB,87.7,右肩上がり確認,31.25,26.0,70.1,14,1.19,288536656,12.9,7.8,4.4,-8.8,2026-08-03,Genmab A/S - American Depositary Shares,NASDAQ
baseline,2026-08-03,2026-08-26T20:11:36.344139+00:00,APAM,87.6,ブレイク接近,42.55,19.2,99.5,15,1.38,169127574,13.1,10.8,23.5,-1.7,2026-08-03,Artisan Partners Asset Management Inc. Class A Common Stock,NYSE
baseline,2026-08-03,2026-08-26T20:11:36.344139+00:00,FNB,87.5,ブレイク接近,18.97,15.6,111.8,8,1.49,513725159,1.0,8.9,38.9,-1.4,2026-08-03,F.N.B. Corporation Common Stock,NYSE
baseline,2026-08-03,2026-08-26T20:11:36.344139+00:00,ACAD,87.3,ブレイク接近,29.21,23.2,138.0,16,1.17,230016118,18.1,22.0,39.0,0.0,2026-08-03,ACADIA Pharmaceuticals Inc. - Common Stock,NASDAQ
baseline,2026-08-03,2026-08-26T20:11:36.344139+00:00,DCI,86.9,右肩上がり確認,98.61,25.2,62.0,12,1.03,339656942,9.8,8.9,39.7,-9.6,2026-08-03,"Donaldson Company, Inc. Common Stock",NYSE
baseline,2026-08-03,2026-08-26T20:11:36.344139+00:00,ATHM,86.7,ブレイク接近,22.72,28.6,106.0,7,1.22,82856758,16.3,14.5,-7.4,-20.0,2026-08-03,"Autohome Inc. American Depositary Shares, each representing four class A ordinary shares.",NYSE
baseline,2026-08-03,2026-08-26T20:11:36.344139+00:00,RCL,86.7,右肩上がり確認,320.0,26.0,72.8,10,0.92,3630853702,6.5,12.5,75.3,-10.4,2026-08-03,Royal Caribbean Cruises Ltd. Common Stock,NYSE
baseline,2026-08-03,2026-08-26T20:11:36.344139+00:00,BCO,86.2,底固め中,112.19,27.9,50.2,6,1.42,304425818,4.7,-0.0,26.3,-13.9,2026-08-03,Brinks Company (The) Common Stock,NYSE
baseline,2026-08-03,2026-08-26T20:11:36.344139+00:00,SLM,86.2,ブレイク接近,27.37,32.2,101.1,4,1.04,369117019,10.9,12.7,28.3,-11.9,2026-08-03,SLM Corporation - Common Stock,NASDAQ
baseline,2026-08-03,2026-08-26T20:11:36.344139+00:00,MAIN,85.9,右肩上がり確認,58.94,20.7,81.6,11,1.06,181048127,11.6,8.2,35.0,-5.5,2026-08-03,Main Street Capital Corporation Common Stock,NYSE
baseline,2026-08-03,2026-08-26T20:11:36.344139+00:00,HIPO,85.6,ブレイク接近,32.62,19.7,128.3,12,1.37,25660754,15.4,13.6,53.1,-12.6,2026-08-03,Hippo Holdings Inc. Common Stock,NYSE
baseline,2026-08-03,2026-08-26T20:11:36.344139+00:00,OMF,85.6,ブレイク接近,64.95,20.0,114.5,8,1.01,326594049,8.8,11.1,48.8,-4.9,2026-08-03,"OneMain Holdings, Inc. Common Stock",NYSE
baseline,2026-08-03,2026-08-26T20:11:36.344139+00:00,HALO,85.4,ブレイク接近,103.12,24.1,211.7,8,1.38,885701760,31.3,45.4,92.6,0.0,2026-08-03,"Halozyme Therapeutics, Inc. - Common Stock",NASDAQ
baseline,2026-08-03,2026-08-26T20:11:36.344139+00:00,MTB,85.1,ブレイク接近,250.45,17.0,139.5,7,1.24,1379112873,4.6,16.6,54.4,0.0,2026-08-03,M&T Bank Corporation Common Stock,NYSE
baseline,2026-08-03,2026-08-26T20:11:36.344139+00:00,LYFT,85.1,右肩上がり確認,17.46,29.8,84.1,11,1.0,979512495,16.6,8.1,24.9,-24.5,2026-08-03,"Lyft, Inc. - Class A Common Stock",NASDAQ
baseline,2026-08-03,2026-08-26T20:11:36.344139+00:00,COF,85.1,右肩上がり確認,217.76,26.1,68.6,11,0.98,4501121077,8.1,5.7,41.7,-11.9,2026-08-03,Capital One Financial Corporation Common Stock,NYSE
baseline,2026-08-03,2026-08-26T20:11:36.344139+00:00,IBN,85.0,ブレイク接近,30.22,18.9,88.0,10,0.9,1004935264,5.3,5.6,13.5,-7.5,2026-08-03,ICICI Bank Limited Common Stock,NYSE
baseline,2026-08-03,2026-08-26T20:11:36.344139+00:00,AN,84.8,右肩上がり確認,209.23,16.2,78.9,14,1.3,444332700,5.8,4.1,24.3,-7.8,2026-08-03,"AutoNation, Inc. Common Stock",NYSE
baseline,2026-08-03,2026-08-26T20:11:36.344139+00:00,AGNC,84.7,ブレイク接近,10.84,17.1,89.3,5,1.52,982529336,2.5,6.3,41.6,-2.3,2026-08-03,AGNC Investment Corp. - Common Stock,NASDAQ
baseline,2026-08-03,2026-08-26T20:11:36.344139+00:00,MSA,84.7,右肩上がり確認,194.19,20.6,82.8,18,1.06,279045167,12.4,13.0,20.4,-3.5,2026-08-03,MSA Safety Incorporated Common Stock,NYSE
baseline,2026-08-03,2026-08-26T20:11:36.344139+00:00,PHM,84.6,右肩上がり確認,132.9,22.6,71.8,8,1.11,1194694472,4.0,6.8,31.7,-6.4,2026-08-03,"PulteGroup, Inc. Common Stock",NYSE
baseline,2026-08-03,2026-08-26T20:11:36.344139+00:00,AMP,84.6,ブレイク接近,551.98,19.8,113.3,15,0.89,1663629381,11.0,16.1,32.0,0.0,2026-08-03,"Ameriprise Financial, Inc. Common Stock",NYSE
baseline,2026-08-03,2026-08-26T20:11:36.344139+00:00,UCB,84.5,ブレイク接近,35.51,17.3,93.0,7,1.14,179269711,1.6,8.4,26.1,-2.6,2026-08-03,"United Community Banks, Inc. Common Stock",NYSE
baseline,2026-08-03,2026-08-26T20:11:36.344139+00:00,SSNC,84.5,右肩上がり確認,79.23,25.2,72.5,13,0.95,690608350,13.4,5.9,18.3,-10.9,2026-08-03,"SS&C Technologies Holdings, Inc. - Common Stock",NASDAQ
baseline,2026-08-03,2026-08-26T20:11:36.344139+00:00,DASH,84.3,ブレイク接近,216.26,29.3,114.9,6,0.91,4310002325,19.0,16.6,52.7,-20.3,2026-08-03,"DoorDash, Inc. - Common Stock",NASDAQ
baseline,2026-08-03,2026-08-26T20:11:36.344139+00:00,AMBP,84.2,ブレイク接近,5.04,17.4,150.7,13,2.04,64515251,10.3,22.0,55.6,0.0,2026-08-03,Ardagh Metal Packaging S.A. Ordinary Shares,NYSE
baseline,2026-08-03,2026-08-26T20:11:36.344139+00:00,UPBD,84.2,右肩上がり確認,19.83,24.5,62.6,6,1.38,112667863,0.1,7.3,-14.6,-19.0,2026-08-03,"Upbound Group, Inc. - Common Stock",NASDAQ
baseline,2026-08-03,2026-08-26T20:11:36.344139+00:00,INCY,83.7,ブレイク接近,120.56,16.7,167.3,11,1.24,1125231224,6.6,17.2,61.2,0.0,2026-08-03,Incyte Corporation - Common Stock,NASDAQ
baseline,2026-08-03,2026-08-26T20:11:36.344139+00:00,LNC,83.6,ブレイク接近,46.03,21.6,161.8,9,1.3,404087711,16.3,20.1,55.0,0.0,2026-08-03,Lincoln National Corporation Common Stock,NYSE
baseline,2026-08-03,2026-08-26T20:11:36.344139+00:00,VEEV,83.5,ブレイク接近,230.47,31.9,111.7,6,0.57,1966285744,24.2,16.9,10.4,-22.2,2026-08-03,Veeva Systems Inc. Class A Common Stock,NYSE
baseline,2026-08-03,2026-08-26T20:11:36.344139+00:00,HOMB,83.4,ブレイク接近,30.81,14.8,115.2,15,1.15,290384354,5.0,10.5,24.8,-0.8,2026-08-03,"Home BancShares, Inc. Common Stock",NYSE
baseline,2026-08-03,2026-08-26T20:11:36.344139+00:00,IQV,83.4,ブレイク接近,238.7,33.6,101.3,11,0.99,1573585743,17.8,21.1,16.7,-1.5,2026-08-03,"IQVIA Holdings, Inc. Common Stock",NYSE
baseline,2026-08-03,2026-08-26T20:11:36.344139+00:00,CMCO,83.3,右肩上がり確認,20.22,43.0,76.4,6,1.73,60324836,33.0,22.9,-27.1,-10.2,2026-08-03,Columbus McKinnon Corporation - Common Stock,NASDAQ
baseline,2026-08-03,2026-08-26T20:11:36.344139+00:00,HAYW,83.3,右肩上がり確認,15.82,21.5,71.5,8,1.29,234857000,3.5,3.2,14.8,-6.8,2026-08-03,"Hayward Holdings, Inc. Common Stock",NYSE
baseline,2026-08-03,2026-08-26T20:11:36.344139+00:00,TRI,83.1,底固め中,101.83,34.7,55.7,7,1.42,1034844553,13.8,0.6,-24.7,-41.0,2026-08-03,Thomson Reuters Corp - Common Shares,NASDAQ
baseline,2026-08-03,2026-08-26T20:11:36.344139+00:00,FCNCA,83.1,ブレイク接近,2218.49,18.4,113.5,6,1.11,876399006,4.7,10.2,35.4,0.0,2026-08-03,"First Citizens BancShares, Inc. - Class A Common Stock",NASDAQ
baseline,2026-08-03,2026-08-26T20:11:36.344139+00:00,FHN,82.6,ブレイク接近,25.46,16.5,90.8,5,1.78,697136848,0.5,6.8,42.3,-1.5,2026-08-03,First Horizon Corporation Common Stock,NYSE
baseline,2026-08-03,2026-08-26T20:11:36.344139+00:00,MMM,82.5,ブレイク接近,182.9,17.8,139.0,10,1.06,2986054199,11.1,15.1,56.3,0.0,2026-08-03,3M Company Common Stock,NYSE
baseline,2026-08-03,2026-08-26T20:11:36.344139+00:00,CRCT,82.4,ブレイク接近,5.84,19.2,242.8,7,1.56,15928755,27.8,32.8,8.5,-10.7,2026-08-03,"Cricut, Inc. - Class A common stock",NASDAQ
baseline,2026-08-03,2026-08-26T20:11:36.344139+00:00,AX,82.4,ブレイク接近,100.04,17.9,94.6,13,0.91,194620672,4.8,10.9,57.0,-1.4,2026-08-03,"Axos Financial, Inc. Common Stock",NYSE
baseline,2026-08-03,2026-08-26T20:11:36.344139+00:00,LW,82.2,ブレイク接近,52.27,21.5,127.9,7,1.46,420754356,11.6,12.9,-26.1,-18.8,2026-08-03,"Lamb Weston Holdings, Inc. Common Stock ",NYSE
baseline,2026-08-03,2026-08-26T20:11:36.344139+00:00,DJCO,82.1,底固め中,564.69,30.4,50.5,5,1.54,117389028,-0.2,7.4,40.6,-15.0,2026-08-03,Daily Journal Corp. (S.C.) - Common Stock,NASDAQ
baseline,2026-08-03,2026-08-26T20:11:36.344139+00:00,EMR,82.1,ブレイク接近,158.26,20.0,106.8,5,1.17,2135587655,9.2,13.1,43.8,0.0,2026-08-03,Emerson Electric Company Common Stock,NYSE
baseline,2026-08-03,2026-08-26T20:11:36.344139+00:00,CRNX,82.1,ブレイク接近,84.08,41.2,221.8,4,1.08,2074986153,39.9,78.6,130.5,0.0,2026-08-03,"Crinetics Pharmaceuticals, Inc. - Common Stock",NASDAQ
baseline,2026-08-03,2026-08-26T20:11:36.344139+00:00,LPLA,81.8,右肩上がり確認,362.63,30.1,81.2,5,0.8,1359454883,15.9,10.5,29.1,-5.7,2026-08-03,LPL Financial Holdings Inc. - Common Stock,NASDAQ
baseline,2026-08-03,2026-08-26T20:11:36.344139+00:00,ADUS,81.6,ブレイク接近,119.68,21.2,117.1,12,0.99,137156756,13.5,14.4,13.3,-1.6,2026-08-03,Addus HomeCare Corporation - Common Stock,NASDAQ
baseline,2026-08-03,2026-08-26T20:11:36.344139+00:00,CLMB,81.6,右肩上がり確認,27.81,40.8,68.6,6,0.98,21237150,12.5,12.4,39.7,-20.4,2026-08-03,"Climb Global Solutions, Inc. - Common Stock",NASDAQ
baseline,2026-08-03,2026-08-26T20:11:36.344139+00:00,MAN,81.4,ブレイク接近,56.6,29.5,296.7,4,1.61,336456373,32.8,75.6,3.5,0.0,2026-08-03,ManpowerGroup Common Stock,NYSE
baseline,2026-08-03,2026-08-26T20:11:36.344139+00:00,MTW,81.4,ブレイク接近,18.81,25.5,198.4,6,1.41,22914903,37.1,45.1,50.2,0.0,2026-08-03,"Manitowoc Company, Inc. (The) Common Stock",NYSE
baseline,2026-08-03,2026-08-26T20:11:36.344139+00:00,CSL,81.4,右肩上がり確認,387.49,20.4,75.7,15,1.18,928228008,8.7,11.4,18.0,-4.9,2026-08-03,Carlisle Companies Incorporated Common Stock,NYSE
baseline,2026-08-03,2026-08-26T20:11:36.344139+00:00,WFC,81.4,右肩上がり確認,87.25,21.4,71.6,8,1.12,6541659079,2.9,4.1,44.2,-7.6,2026-08-03,Wells Fargo & Company Common Stock,NYSE
baseline,2026-08-03,2026-08-26T20:11:36.344139+00:00,SF,81.4,右肩上がり確認,83.09,19.7,81.4,14,0.88,491557825,9.5,6.7,44.5,-3.7,2026-08-03,Stifel Financial Corporation Common Stock,NYSE
baseline,2026-08-03,2026-08-26T20:11:36.344139+00:00,ICUI,81.3,ブレイク接近,184.56,24.4,171.9,9,1.35,274475433,19.5,29.6,31.0,0.0,2026-08-03,"ICU Medical, Inc. - Common Stock",NASDAQ
baseline,2026-08-03,2026-08-26T20:11:36.344139+00:00,NLY,81.3,ブレイク接近,23.04,14.9,106.1,8,1.17,896999912,3.7,7.9,44.2,0.0,2026-08-03,Annaly Capital Management Inc. Common Stock,NYSE
baseline,2026-08-03,2026-08-26T20:11:36.344139+00:00,FELE,81.2,ブレイク接近,109.46,17.5,105.8,7,1.11,165587271,4.6,10.7,16.7,0.0,2026-08-03,"Franklin Electric Co., Inc. - Common Stock",NASDAQ
baseline,2026-08-03,2026-08-26T20:11:36.344139+00:00,BCH,81.2,ブレイク接近,41.42,16.1,93.0,11,0.92,61173866,3.7,9.1,74.2,-1.1,2026-08-03,Banco De Chile ADS,NYSE
baseline,2026-08-03,2026-08-26T20:11:36.344139+00:00,MA,81.2,ブレイク接近,562.95,11.8,125.0,19,0.89,9254230753,7.2,7.2,20.6,-5.4,2026-08-03,Mastercard Incorporated Common Stock,NYSE
baseline,2026-08-03,2026-08-26T20:11:36.344139+00:00,TCBK,81.1,ブレイク接近,57.27,11.1,201.4,11,4.57,117684328,4.1,14.8,40.7,-5.4,2026-08-03,TriCo Bancshares - Common Stock,NASDAQ
baseline,2026-08-03,2026-08-26T20:11:36.344139+00:00,NTES,81.0,ブレイク接近,132.22,20.0,86.8,13,0.91,570851316,4.8,6.2,31.7,-11.7,2026-08-03,"NetEase, Inc. - American Depositary Shares, each representing 5 ordinary shares",NASDAQ
baseline,2026-08-03,2026-08-26T20:11:36.344139+00:00,AMCR,80.9,ブレイク接近,47.86,26.4,91.0,8,1.04,761816756,10.7,15.0,7.1,-2.4,2026-08-03,Amcor plc Ordinary Shares,NYSE
baseline,2026-08-03,2026-08-26T20:11:36.344139+00:00,NRIM,80.8,右肩上がり確認,26.37,22.7,66.1,8,1.23,25716979,-0.8,5.3,59.0,-7.7,2026-08-03,Northrim BanCorp Inc - Common Stock,NASDAQ
baseline,2026-08-03,2026-08-26T20:11:36.344139+00:00,NUVB,80.8,ブレイク接近,6.6,28.6,140.8,6,1.07,222849941,14.6,12.9,121.5,-30.1,2026-08-03,Nuvation Bio Inc. Class A Common Stock,NYSE
baseline,2026-08-03,2026-08-26T20:11:36.344139+00:00,BKNG,80.8,ブレイク接近,214.42,24.5,121.6,8,0.91,6882425586,18.2,16.4,37.6,-5.5,2026-08-03,Booking Holdings Inc. - Common Stock,NASDAQ
baseline,2026-08-03,2026-08-26T20:11:36.344139+00:00,BX,80.7,右肩上がり確認,137.13,33.9,60.2,7,1.06,3132143642,11.1,7.3,14.3,-23.9,2026-08-03,Blackstone Inc. Common Stock,NYSE
baseline,2026-08-03,2026-08-26T20:11:36.344139+00:00,AUB,80.7,ブレイク接近,41.78,17.2,116.4,6,1.05,249645129,2.0,12.4,30.8,-1.2,2026-08-03,Atlantic Union Bankshares Corporation Common Stock,NYSE
baseline,2026-08-03,2026-08-26T20:11:36.344139+00:00,VLTO,80.7,右肩上がり確認,98.34,19.8,80.1,12,0.81,950564839,8.5,5.7,,-9.4,2026-08-03,Veralto Corp Common Stock ,NYSE
baseline,2026-08-03,2026-08-26T20:11:36.344139+00:00,WFG,80.5,ブレイク接近,72.14,19.1,94.7,6,1.51,73376278,5.4,10.9,-3.0,-4.1,2026-08-03,West Fraser Timber Co. Ltd Common stock,NYSE
baseline,2026-08-03,2026-08-26T20:11:36.344139+00:00,TOWN,80.5,ブレイク接近,37.46,13.7,122.7,10,1.29,128816609,3.8,9.9,29.7,-1.2,2026-08-03,Towne Bank - Common Stock,NASDAQ
baseline,2026-08-03,2026-08-26T20:11:36.344139+00:00,PKG,80.4,ブレイク接近,256.04,17.2,130.5,11,1.09,795100318,7.8,17.0,44.5,0.0,2026-08-03,Packaging Corporation of America Common Stock,NYSE
baseline,2026-08-03,2026-08-26T20:11:36.344139+00:00,SARO,80.4,底固め中,29.19,25.6,55.2,9,0.91,528819197,4.1,4.5,,-11.5,2026-08-03,"StandardAero, Inc. Common Stock",NYSE
baseline,2026-08-03,2026-08-26T20:11:36.344139+00:00,FERG,80.2,ブレイク接近,256.69,16.9,90.7,13,3.23,3423718466,9.3,7.4,37.9,-2.5,2026-08-03,Ferguson Enterprises Inc. Common Stock,NYSE
baseline,2026-08-03,2026-08-26T20:11:36.344139+00:00,BWB,80.2,ブレイク接近,21.64,15.2,155.1,9,1.42,24035908,4.2,15.0,49.0,-1.9,2026-08-03,"Bridgewater Bancshares, Inc. - Common Stock",NASDAQ
baseline,2026-08-03,2026-08-26T20:11:36.344139+00:00,AXP,80.2,右肩上がり確認,340.91,19.9,69.8,11,1.0,5264469366,1.1,1.2,39.1,-10.2,2026-08-03,American Express Company Common Stock,NYSE
baseline,2026-08-03,2026-08-26T20:11:36.344139+00:00,ADT,80.2,右肩上がり確認,7.64,21.6,73.0,15,0.79,293177709,10.1,4.5,8.9,-11.5,2026-08-03,ADT Inc. Common Stock,NYSE
baseline,2026-08-03,2026-08-26T20:11:36.344139+00:00,DYN,80.1,ブレイク接近,26.25,17.4,362.7,4,1.58,294710434,18.2,37.1,44.2,0.0,2026-08-03,"Dyne Therapeutics, Inc. - Common Stock",NASDAQ
baseline,2026-08-03,2026-08-26T20:11:36.344139+00:00,HWC,80.1,ブレイク接近,77.6,17.0,134.4,7,1.09,355693552,4.0,15.4,54.6,-1.1,2026-08-03,Hancock Whitney Corporation - Common Stock,NASDAQ
baseline,2026-08-03,2026-08-26T20:11:36.344139+00:00,TMO,80.1,右肩上がり確認,594.0,29.9,83.5,10,1.05,5812485900,13.4,12.3,12.8,-4.9,2026-08-03,Thermo Fisher Scientific Inc Common Stock,NYSE
baseline,2026-08-03,2026-08-26T20:11:36.344139+00:00,USB,80.1,ブレイク接近,63.94,16.2,145.4,8,1.02,2661264367,4.8,16.6,53.5,-0.0,2026-08-03,U.S. Bancorp Common Stock,NYSE
baseline,2026-08-03,2026-08-26T20:11:36.344139+00:00,RJF,80.1,ブレイク接近,176.56,17.9,118.5,11,0.88,1112858295,8.3,12.1,36.7,0.0,2026-08-03,"Raymond James Financial, Inc. Common Stock",NYSE
baseline,2026-08-03,2026-08-26T20:11:36.344139+00:00,TRU,79.9,右肩上がり確認,80.02,24.8,72.3,6,0.98,963081924,8.1,4.8,3.7,-12.3,2026-08-03,TransUnion Common Stock,NYSE
baseline,2026-08-03,2026-08-26T20:11:36.344139+00:00,IMNM,79.9,ブレイク接近,25.03,29.0,88.8,4,0.84,153710062,16.5,17.2,101.2,-3.2,2026-08-03,"Immunome, Inc. - Common Stock",NASDAQ
baseline,2026-08-03,2026-08-26T20:11:36.344139+00:00,TPC,79.8,ブレイク接近,99.11,22.0,164.8,6,2.24,370157936,23.3,30.3,212.7,0.0,2026-08-03,Tutor Perini Corporation Common Stock,NYSE
baseline,2026-08-03,2026-08-26T20:11:36.344139+00:00,CRL,79.8,ブレイク接近,267.49,31.3,169.4,6,1.13,1013955470,22.4,40.8,36.8,0.0,2026-08-03,"Charles River Laboratories International, Inc. Common Stock",NYSE
baseline,2026-08-03,2026-08-26T20:11:36.344139+00:00,NOMD,79.8,右肩上がり確認,11.99,27.6,76.9,11,0.97,75220933,7.5,9.0,-19.3,-19.5,2026-08-03,Nomad Foods Limited Ordinary Shares,NYSE
baseline,2026-08-03,2026-08-26T20:11:36.344139+00:00,HVT,79.7,ブレイク接近,29.09,22.7,142.7,9,1.48,15364617,16.0,24.0,21.9,0.0,2026-08-03,"Haverty Furniture Companies, Inc. Common Stock",NYSE
baseline,2026-08-03,2026-08-26T20:11:36.344139+00:00,UL,79.7,底固め中,62.96,25.1,46.6,13,1.34,1320623778,4.2,1.1,8.3,-13.4,2026-08-03,Unilever PLC American Depositary Shares (each representing One Ordinary Share),NYSE
baseline,2026-08-03,2026-08-26T20:11:36.344139+00:00,RF,79.7,ブレイク接近,31.43,18.4,119.4,5,1.05,1541361697,3.8,13.5,49.9,-0.7,2026-08-03,Regions Financial Corporation Common Stock,NYSE
baseline,2026-08-03,2026-08-26T20:11:36.344139+00:00,PNC,79.7,ブレイク接近,252.56,17.1,134.0,7,0.96,2547335190,3.6,16.1,55.5,0.0,2026-08-03,"PNC Financial Services Group, Inc. (The) Common Stock",NYSE
baseline,2026-08-03,2026-08-26T20:11:36.344139+00:00,RRR,79.7,右肩上がり確認,61.88,19.8,84.0,7,0.88,233190011,-2.3,4.7,28.1,-8.0,2026-08-03,"Red Rock Resorts, Inc. - Class A Common Stock",NASDAQ
baseline,2026-08-03,2026-08-26T20:11:36.344139+00:00,TFC,79.3,右肩上がり確認,52.35,20.7,79.4,5,0.96,2296559395,2.5,7.3,37.1,-4.3,2026-08-03,Truist Financial Corporation Common Stock,NYSE
baseline,2026-08-03,2026-08-26T20:11:36.344139+00:00,GBCI,79.1,右肩上がり確認,48.75,18.5,61.6,7,1.31,324761301,-2.7,4.1,19.3,-9.0,2026-08-03,"Glacier Bancorp, Inc. Common Stock",NYSE
baseline,2026-08-03,2026-08-26T20:11:36.344139+00:00,OZK,79.1,ブレイク接近,51.41,15.6,112.7,7,1.15,319477635,1.7,8.8,24.1,-1.2,2026-08-03,Bank OZK - Common Stock,NASDAQ
baseline,2026-08-03,2026-08-26T20:11:36.344139+00:00,STE,79.1,底固め中,237.47,24.2,54.0,16,1.02,878897828,9.5,1.6,9.2,-11.1,2026-08-03,STERIS plc (Ireland) Ordinary Shares,NYSE
baseline,2026-08-03,2026-08-26T20:11:36.344139+00:00,ATRC,79.0,ブレイク接近,41.39,32.7,118.1,6,1.09,168194990,25.4,24.1,16.9,-2.3,2026-08-03,"AtriCure, Inc. - Common Stock",NASDAQ
baseline,2026-08-03,2026-08-26T20:11:36.344139+00:00,REYN,79.0,ブレイク接近,26.52,16.3,149.4,12,1.0,161085302,4.6,14.0,8.1,-2.4,2026-08-03,Reynolds Consumer Products Inc. - Common Stock,NASDAQ
baseline,2026-08-03,2026-08-26T20:11:36.344139+00:00,SYF,78.9,ブレイク接近,78.59,20.1,96.2,5,1.04,1376808876,5.5,5.9,55.3,-8.4,2026-08-03,Synchrony Financial Common Stock,NYSE
baseline,2026-08-03,2026-08-26T20:11:36.344139+00:00,WWW,78.9,ブレイク接近,18.93,20.0,96.4,8,0.78,76191602,6.2,10.1,26.9,-39.5,2026-08-03,"Wolverine World Wide, Inc. Common Stock",NYSE
baseline,2026-08-03,2026-08-26T20:11:36.344139+00:00,SAFT,78.8,ブレイク接近,103.5,11.5,381.4,17,3.64,121614199,25.4,36.1,45.0,0.0,2026-08-03,"Safety Insurance Group, Inc. - Common Stock",NASDAQ
baseline,2026-08-03,2026-08-26T20:11:36.344139+00:00,SCHW,78.8,ブレイク接近,107.6,16.3,119.1,17,0.81,4724796431,9.9,12.6,42.8,0.0,2026-08-03,Charles Schwab Corporation (The) Common Stock,NYSE
baseline,2026-08-03,2026-08-26T20:11:36.344139+00:00,HCI,78.7,ブレイク接近,188.69,15.4,147.0,17,1.0,161417246,8.0,12.4,72.1,-7.9,2026-08-03,"HCI Group, Inc. Common Stock",NYSE
baseline,2026-08-03,2026-08-26T20:11:36.344139+00:00,ENR,78.6,ブレイク接近,22.57,28.9,98.5,5,1.18,116274644,7.1,14.3,-13.4,-19.8,2026-08-03,"Energizer Holdings, Inc. Common Stock",NYSE
baseline,2026-08-03,2026-08-26T20:11:36.344139+00:00,FBNC,78.6,ブレイク接近,64.67,15.3,131.1,6,1.16,87088524,3.2,13.1,56.9,0.0,2026-08-03,First Bancorp - Common Stock,NASDAQ
baseline,2026-08-03,2026-08-26T20:11:36.344139+00:00,SFBS,78.6,ブレイク接近,88.92,16.7,120.8,7,0.99,143853342,4.2,13.6,29.1,-0.6,2026-08-03,"ServisFirst Bancshares, Inc. Common Stock",NYSE
baseline,2026-08-03,2026-08-26T20:11:36.344139+00:00,SONY,78.6,ブレイク接近,23.46,18.0,86.4,14,0.9,570647642,10.2,2.2,15.4,-22.1,2026-08-03,Sony Group Corporation American Depositary Shares ,NYSE
baseline,2026-08-03,2026-08-26T20:11:36.344139+00:00,MESO,78.5,底固め中,15.94,28.2,53.0,4,1.54,17987267,7.7,-0.3,61.3,-24.0,2026-08-03,Mesoblast Limited - American Depositary Shares,NASDAQ
baseline,2026-08-03,2026-08-26T20:11:36.344139+00:00,EXLS,78.2,底固め中,34.89,39.4,53.2,6,1.12,416206755,20.6,4.0,-2.4,-22.4,2026-08-03,"ExlService Holdings, Inc. - Common Stock",NASDAQ
baseline,2026-08-03,2026-08-26T20:11:36.344139+00:00,PB,78.1,ブレイク接近,73.95,12.9,107.7,14,0.95,462521288,2.0,6.5,16.3,-1.2,2026-08-03,"Prosperity Bancshares, Inc. Common Stock",NYSE
baseline,2026-08-03,2026-08-26T20:11:36.344139+00:00,AVNT,78.0,ブレイク接近,45.69,24.8,134.5,5,1.07,183694033,21.3,29.5,25.0,0.0,2026-08-03,Avient Corporation Common Stock,NYSE
baseline,2026-08-03,2026-08-26T20:11:36.344139+00:00,NWG,78.0,ブレイク接近,19.19,20.5,147.7,5,1.07,433462332,9.0,17.7,102.7,0.0,2026-08-03,"NatWest Group plc American Depositary Shares, (each representing two (2) Ordinary Shares)",NYSE
baseline,2026-08-03,2026-08-26T20:11:36.344139+00:00,BSAC,78.0,ブレイク接近,35.16,16.8,102.7,9,0.72,53545615,6.6,11.5,71.7,0.0,2026-08-03,Banco Santander - Chile ADS,NYSE
baseline,2026-08-03,2026-08-26T20:11:36.344139+00:00,SOPH,77.8,ブレイク接近,7.71,20.2,305.5,4,2.39,13003005,35.1,52.3,94.6,0.0,2026-08-03,SOPHiA GENETICS SA - Ordinary Shares,NASDAQ
baseline,2026-08-03,2026-08-26T20:11:36.344139+00:00,CFG,77.8,ブレイク接近,72.67,18.3,144.5,4,1.03,1580003265,4.5,17.6,80.8,0.0,2026-08-03,"Citizens Financial Group, Inc. Common Stock",NYSE
baseline,2026-08-03,2026-08-26T20:11:36.344139+00:00,TOL,77.7,右肩上がり確認,155.09,23.9,73.6,5,0.83,764503690,2.6,8.1,42.4,-6.3,2026-08-03,"Toll Brothers, Inc. Common Stock",NYSE
baseline,2026-08-03,2026-08-26T20:11:36.344139+00:00,ABM,77.6,ブレイク接近,48.54,21.4,116.4,7,0.84,119369103,6.1,13.7,10.0,0.0,2026-08-03,ABM Industries Incorporated Common Stock,NYSE
baseline,2026-08-03,2026-08-26T20:11:36.344139+00:00,BMRC,77.5,ブレイク接近,28.37,12.8,142.6,6,1.36,23737533,2.9,8.7,34.2,-1.9,2026-08-03,Bank of Marin Bancorp - Common Stock,NASDAQ
baseline,2026-08-03,2026-08-26T20:11:36.344139+00:00,TCBX,77.5,ブレイク接近,44.31,14.9,113.1,16,1.3,27878804,8.0,12.2,61.4,0.0,2026-08-03,"Third Coast Bancshares, Inc. Common Stock",NYSE
baseline,2026-08-03,2026-08-26T20:11:36.344139+00:00,AMRX,77.5,ブレイク接近,18.14,20.2,211.0,8,1.06,175404873,6.8,30.8,144.3,-1.0,2026-08-03,"Amneal Pharmaceuticals, Inc. - Class A Common Stock",NASDAQ
baseline,2026-08-03,2026-08-26T20:11:36.344139+00:00,EAT,77.5,ブレイク接近,225.2,20.9,259.6,10,0.99,957331676,24.1,45.9,139.1,0.0,2026-08-03,"Brinker International, Inc. Common Stock",NYSE
baseline,2026-08-03,2026-08-26T20:11:36.344139+00:00,CFR,77.4,ブレイク接近,164.5,9.3,248.3,17,1.22,504268711,5.6,18.3,42.3,-1.1,2026-08-03,"Cullen/Frost Bankers, Inc. Common Stock",NYSE
baseline,2026-08-03,2026-08-26T20:11:36.344139+00:00,EBC,77.4,ブレイク接近,22.84,13.9,142.0,14,0.95,413632102,4.0,14.2,48.6,-0.7,2026-08-03,"Eastern Bankshares, Inc. - Common Stock",NASDAQ
baseline,2026-08-03,2026-08-26T20:11:36.344139+00:00,MCO,77.4,底固め中,477.75,21.0,47.9,19,0.91,2253432073,1.3,1.6,16.8,-10.9,2026-08-03,Moody's Corporation Common Stock,NYSE
baseline,2026-08-03,2026-08-26T20:11:36.344139+00:00,OESX,77.3,ブレイク接近,19.7,46.1,135.2,13,1.97,5218891,75.3,61.3,69.5,0.0,2026-08-03,"Orion Energy Systems, Inc. - Common Stock",NASDAQ
baseline,2026-08-03,2026-08-26T20:11:36.344139+00:00,ERO,77.2,ブレイク接近,34.31,31.0,101.2,4,0.89,156337876,24.9,24.2,81.0,0.0,2026-08-03,Ero Copper Corp. Common Shares,NYSE
baseline,2026-08-03,2026-08-26T20:11:36.344139+00:00,IBCP,77.1,ブレイク接近,38.03,13.5,133.3,11,1.54,38171009,5.5,12.2,43.5,0.0,2026-08-03,Independent Bank Corporation - Common Stock,NASDAQ
baseline,2026-08-03,2026-08-26T20:11:36.344139+00:00,INDB,77.1,ブレイク接近,83.73,14.3,92.6,14,1.18,173983820,0.7,8.1,36.4,-1.6,2026-08-03,Independent Bank Corp. - Common Stock,NASDAQ
baseline,2026-08-03,2026-08-26T20:11:36.344139+00:00,CR,77.0,ブレイク接近,219.88,20.7,130.3,6,1.02,514554512,2.6,14.0,,-2.8,2026-08-03,Crane Company Common Stock,NYSE
baseline,2026-08-03,2026-08-26T20:11:36.344139+00:00,SLGN,76.9,底固め中,41.71,24.7,44.2,8,2.08,281327129,-3.5,0.5,-8.7,-13.8,2026-08-03,Silgan Holdings Inc. Common Stock,NYSE
baseline,2026-08-03,2026-08-26T20:11:36.344139+00:00,ESQ,76.7,ブレイク接近,131.38,13.7,204.2,10,1.37,84714744,9.7,20.1,88.7,0.0,2026-08-03,"Esquire Financial Holdings, Inc. - Common Stock",NASDAQ
baseline,2026-08-03,2026-08-26T20:11:36.344139+00:00,LIF,76.7,右肩上がり確認,63.19,44.1,83.7,6,0.82,179941495,20.4,15.8,,-41.4,2026-08-03,"Life360, Inc. - Common Stock",NASDAQ
baseline,2026-08-03,2026-08-26T20:11:36.344139+00:00,CHCO,76.6,ブレイク接近,144.94,8.5,275.6,16,1.31,101817927,7.6,16.5,37.3,-0.1,2026-08-03,City Holding Company - Common Stock,NASDAQ
baseline,2026-08-03,2026-08-26T20:11:36.344139+00:00,JXN,76.6,ブレイク接近,129.96,14.5,171.9,13,1.09,376657358,13.2,20.3,86.5,0.0,2026-08-03,Jackson Financial Inc. Class A Common Stock ,NYSE
baseline,2026-08-03,2026-08-26T20:11:36.344139+00:00,BAC,76.6,ブレイク接近,63.17,16.9,176.8,7,1.01,9854399157,6.9,17.8,60.0,0.0,2026-08-03,Bank of America Corporation Common Stock,NYSE
baseline,2026-08-03,2026-08-26T20:11:36.344139+00:00,NMR,76.6,ブレイク接近,9.95,22.4,119.2,7,0.71,51169901,7.6,17.4,76.4,0.0,2026-08-03,Nomura Holdings Inc ADR American Depositary Shares,NYSE
baseline,2026-08-03,2026-08-26T20:11:36.344139+00:00,RYN,76.5,底固め中,21.79,19.9,52.9,9,1.13,276213091,1.4,2.3,-7.8,-10.8,2026-08-03,Rayonier Inc. REIT Common Stock,NYSE
baseline,2026-08-03,2026-08-26T20:11:36.344139+00:00,CFBK,76.4,ブレイク接近,35.97,18.2,147.3,14,1.36,14207540,11.3,25.6,63.1,0.0,2026-08-03,CF Bankshares Inc. - Common Stock,NASDAQ
baseline,2026-08-03,2026-08-26T20:11:36.344139+00:00,REAL,76.3,底固め中,12.3,48.3,46.5,6,1.19,212348916,9.2,1.8,123.1,-25.9,2026-08-03,"The RealReal, Inc. - Common Stock",NASDAQ
baseline,2026-08-03,2026-08-26T20:11:36.344139+00:00,YMM,76.3,ブレイク接近,9.63,21.4,95.5,6,0.82,276338910,11.2,2.8,11.0,-27.9,2026-08-03,Full Truck Alliance Co. Ltd. American Depositary Shares (each representing 20 Class A Ordinary Shares),NYSE
baseline,2026-08-03,2026-08-26T20:11:36.344139+00:00,AMTB,76.2,ブレイク接近,28.91,10.6,340.1,8,1.8,55566258,11.3,29.6,36.5,-2.3,2026-08-03,Amerant Bancorp Inc. Class A Common Stock,NYSE
baseline,2026-08-03,2026-08-26T20:11:36.344139+00:00,FRME,76.2,右肩上がり確認,42.59,13.2,118.3,8,1.39,102432748,-0.1,8.2,23.2,-4.5,2026-08-03,First Merchants Corporation - Common Stock,NASDAQ
baseline,2026-08-03,2026-08-26T20:11:36.344139+00:00,IRTC,76.2,底固め中,127.84,37.4,37.1,5,1.3,384786289,10.9,-7.2,10.8,-32.0,2026-08-03,"iRhythm Holdings, Inc.  - Common Stock",NASDAQ
baseline,2026-08-03,2026-08-26T20:11:36.344139+00:00,WY,76.2,右肩上がり確認,25.58,16.2,76.4,10,1.08,680254630,4.3,6.5,-6.2,-3.8,2026-08-03,Weyerhaeuser Company Common Stock,NYSE
baseline,2026-08-03,2026-08-26T20:11:36.344139+00:00,BANR,76.1,ブレイク接近,70.67,10.1,210.1,8,1.72,129149712,4.3,11.4,29.1,0.0,2026-08-03,Banner Corporation - Common Stock,NASDAQ
baseline,2026-08-03,2026-08-26T20:11:36.344139+00:00,OBDC,76.1,ブレイク接近,11.64,14.1,87.9,22,1.36,226560063,7.2,5.1,5.9,-8.4,2026-08-03,Blue Owl Capital Corporation Common Stock,NYSE
baseline,2026-08-03,2026-08-26T20:11:36.344139+00:00,CLW,76.0,ブレイク接近,23.31,38.1,142.1,4,1.32,19082332,32.8,40.6,-22.4,0.0,2026-08-03,Clearwater Paper Corporation Common Stock,NYSE
baseline,2026-08-03,2026-08-26T20:11:36.344139+00:00,UBSI,76.0,ブレイク接近,48.32,13.1,161.9,10,1.21,251911841,4.0,15.3,40.4,-0.3,2026-08-03,"United Bankshares, Inc. - Common Stock",NASDAQ
baseline,2026-08-03,2026-08-26T20:11:36.344139+00:00,DLTR,76.0,右肩上がり確認,130.9,36.0,82.0,4,0.67,1868021778,8.0,12.8,14.8,-6.5,2026-08-03,"Dollar Tree, Inc. - Common Stock",NASDAQ
baseline,2026-08-03,2026-08-26T20:11:36.344139+00:00,GHC,75.8,ブレイク接近,1185.71,11.4,114.5,12,1.18,122750081,1.7,6.4,44.5,-1.5,2026-08-03,Graham Holdings Company Common Stock,NYSE
baseline,2026-08-03,2026-08-26T20:11:36.344139+00:00,HSIC,75.8,ブレイク接近,88.13,14.0,149.6,10,1.02,568646999,4.7,13.2,18.8,0.0,2026-08-03,"Henry Schein, Inc. - Common Stock",NASDAQ
baseline,2026-08-03,2026-08-26T20:11:36.344139+00:00,RIGL,75.8,ブレイク接近,40.17,31.1,123.1,5,0.9,71325494,8.6,13.2,102.3,-20.4,2026-08-03,"Rigel Pharmaceuticals, Inc. - Common Stock",NASDAQ
baseline,2026-08-03,2026-08-26T20:11:36.344139+00:00,ALGT,75.8,底固め中,95.61,34.8,51.9,8,0.81,297057086,-5.8,7.0,26.7,-19.4,2026-08-03,Allegiant Travel Company - Common Stock,NASDAQ
baseline,2026-08-03,2026-08-26T20:11:36.344139+00:00,IPAR,75.7,ブレイク接近,122.97,15.9,231.2,11,1.07,185558754,8.8,28.4,8.8,-1.3,2026-08-03,"Interparfums, Inc. - Common Stock",NASDAQ
baseline,2026-08-03,2026-08-26T20:11:36.344139+00:00,AON,75.7,ブレイク接近,358.3,10.7,127.9,19,1.0,2670948546,3.4,6.6,8.7,-4.0,2026-08-03,Aon plc Class A Ordinary Shares (Ireland),NYSE
baseline,2026-08-03,2026-08-26T20:11:36.344139+00:00,LECO,75.6,右肩上がり確認,281.96,18.2,72.1,19,1.17,510906568,7.8,9.7,38.4,-5.1,2026-08-03,"Lincoln Electric Holdings, Inc. - Common Shares",NASDAQ
baseline,2026-08-03,2026-08-26T20:11:36.344139+00:00,DGICA,75.6,ブレイク接近,19.24,13.8,114.8,18,0.99,13619848,4.4,6.5,29.7,-3.3,2026-08-03,"Donegal Group, Inc. - Class A Common Stock",NASDAQ
baseline,2026-08-03,2026-08-26T20:11:36.344139+00:00,FSS,75.6,ブレイク接近,128.21,12.4,154.1,12,0.97,351871742,7.3,12.4,50.4,-2.2,2026-08-03,Federal Signal Corporation Common Stock,NYSE
baseline,2026-08-03,2026-08-26T20:11:36.344139+00:00,RYAN,75.6,底固め中,42.84,39.9,59.5,7,0.93,483082679,8.4,1.4,-15.6,-26.8,2026-08-03,"Ryan Specialty Holdings, Inc. Class A Common Stock",NYSE
baseline,2026-08-03,2026-08-26T20:11:36.344139+00:00,HRL,75.6,ブレイク接近,25.02,21.8,101.4,5,0.7,474344116,1.0,8.9,-14.9,-10.0,2026-08-03,Hormel Foods Corporation Common Stock,NYSE
baseline,2026-08-03,2026-08-26T20:11:36.344139+00:00,ULTA,75.5,底固め中,565.15,33.9,46.5,8,0.8,1566173507,16.7,1.2,21.2,-18.1,2026-08-03,"Ulta Beauty, Inc. - Common Stock",NASDAQ
baseline,2026-08-03,2026-08-26T20:11:36.344139+00:00,CZFS,75.4,ブレイク接近,80.4,9.5,356.3,12,4.2,9665018,10.8,26.3,39.1,0.0,2026-08-03,"Citizens Financial Services, Inc. - Common Stock",NASDAQ
baseline,2026-08-03,2026-08-26T20:11:36.344139+00:00,BZ,75.4,底固め中,16.47,32.5,55.3,15,0.8,229688973,13.9,0.1,-3.1,-32.4,2026-08-03,KANZHUN LIMITED - American Depository Shares,NASDAQ
baseline,2026-08-03,2026-08-26T20:11:36.344139+00:00,PAYO,75.3,ブレイク接近,7.1,32.4,134.3,5,0.66,241660327,3.4,24.7,13.1,-1.0,2026-08-03,Payoneer Global Inc. - Common Stock,NASDAQ
baseline,2026-08-03,2026-08-26T20:11:36.344139+00:00,RACE,75.1,ブレイク接近,412.26,17.2,156.8,7,0.9,979663451,10.3,14.4,12.0,-16.8,2026-08-03,Ferrari N.V. Common Shares,NYSE
baseline,2026-08-03,2026-08-26T20:11:36.344139+00:00,AER,75.1,ブレイク接近,151.72,12.8,106.1,13,0.85,814732557,3.3,6.8,60.9,0.0,2026-08-03,AerCap Holdings N.V. Ordinary Shares,NYSE
baseline,2026-08-03,2026-08-26T20:11:36.344139+00:00,MCHB,75.0,ブレイク接近,16.64,9.0,261.1,14,1.75,50197902,4.8,16.2,31.9,-0.9,2026-08-03,Mechanics Bancorp - Class A Common Stock,NASDAQ
baseline,2026-08-03,2026-08-26T20:11:36.344139+00:00,BSET,75.0,ブレイク接近,20.35,16.7,237.0,15,1.0,8003599,10.4,28.6,41.5,-5.8,2026-08-03,"Bassett Furniture Industries, Incorporated - Common Stock",NASDAQ
baseline,2026-08-03,2026-08-26T20:11:36.344139+00:00,SMBK,74.9,ブレイク接近,51.93,13.3,261.9,10,1.69,31494826,9.1,25.8,74.8,-0.9,2026-08-03,"SmartFinancial, Inc. Common Stock",NYSE
baseline,2026-08-03,2026-08-26T20:11:36.344139+00:00,INMD,74.9,右肩上がり確認,15.31,15.8,83.9,16,0.73,51433121,4.7,7.0,-29.6,-2.5,2026-08-03,InMode Ltd.  - Ordinary Shares,NASDAQ
baseline,2026-08-03,2026-08-26T20:11:36.344139+00:00,ECL,74.8,右肩上がり確認,285.17,19.5,64.0,10,0.82,1934868573,4.2,5.5,28.2,-7.0,2026-08-03,Ecolab Inc. Common Stock,NYSE
baseline,2026-08-03,2026-08-26T20:11:36.344139+00:00,LTM,74.7,底固め中,56.72,28.5,52.4,11,0.96,206494691,4.8,7.0,,-13.6,2026-08-03,"LATAM Airlines Group S.A. American Depositary Shares (each representing two thousand (2,000) shares of Common Stock)",NYSE
baseline,2026-08-03,2026-08-26T20:11:36.344139+00:00,KEY,74.6,右肩上がり確認,22.73,17.8,99.3,4,0.99,1203109912,-0.4,8.7,49.8,-3.5,2026-08-03,KeyCorp Common Stock,NYSE
baseline,2026-08-03,2026-08-26T20:11:36.344139+00:00,JPM,74.5,ブレイク接近,357.52,12.3,197.5,11,0.95,15549847953,6.6,14.7,66.7,0.0,2026-08-03,JP Morgan Chase & Co. Common Stock,NYSE
baseline,2026-08-03,2026-08-26T20:11:36.344139+00:00,EQBK,74.2,ブレイク接近,50.94,9.6,184.0,16,1.24,36709707,4.0,11.3,42.2,0.0,2026-08-03,"Equity Bancshares, Inc. Class A Common Stock",NYSE
baseline,2026-08-03,2026-08-26T20:11:36.344139+00:00,ADPT,74.1,ブレイク接近,24.93,33.1,203.9,4,1.18,350889291,19.9,49.2,177.6,0.0,2026-08-03,Adaptive Biotechnologies Corporation - Common Stock,NASDAQ
baseline,2026-08-03,2026-08-26T20:11:36.344139+00:00,MRSH,74.1,ブレイク接近,191.65,14.6,120.2,13,1.05,2307808570,8.9,9.2,1.4,-7.1,2026-08-03,Marsh Common Stock,NYSE
baseline,2026-08-03,2026-08-26T20:11:36.344139+00:00,NBTB,74.0,ブレイク接近,52.66,12.0,223.5,9,1.39,103552906,5.0,17.9,35.0,0.0,2026-08-03,NBT Bancorp Inc. - Common Stock,NASDAQ
baseline,2026-08-03,2026-08-26T20:11:36.344139+00:00,BFST,74.0,ブレイク接近,31.66,13.1,155.5,11,1.17,42760980,4.3,13.6,40.7,-0.5,2026-08-03,"Business First Bancshares, Inc. - Common Stock",NASDAQ
baseline,2026-08-03,2026-08-26T20:11:36.344139+00:00,NWL,74.0,ブレイク接近,6.01,30.1,191.6,4,1.07,346679785,14.9,43.2,-13.7,-0.6,2026-08-03,Newell Brands Inc. - Common Stock,NASDAQ
baseline,2026-08-03,2026-08-26T20:11:36.344139+00:00,GLBE,74.0,ブレイク接近,42.32,25.7,149.4,4,0.88,276771956,15.8,20.2,19.5,0.0,2026-08-03,Global-E Online Ltd. - ordinary shares,NASDAQ
baseline,2026-08-03,2026-08-26T20:11:36.344139+00:00,EEFT,73.9,右肩上がり確認,72.08,14.6,73.2,11,1.08,263853162,-1.0,-0.1,-23.7,-26.7,2026-08-03,"Euronet Worldwide, Inc. - Common Stock",NASDAQ
baseline,2026-08-03,2026-08-26T20:11:36.344139+00:00,DSGX,73.9,右肩上がり確認,79.57,28.2,66.5,7,0.96,186363810,9.3,5.0,-9.4,-26.2,2026-08-03,The Descartes Systems Group Inc. - Common Stock,NASDAQ
baseline,2026-08-03,2026-08-26T20:11:36.344139+00:00,BIO,73.8,ブレイク接近,352.47,21.1,159.0,7,0.89,483796571,15.4,20.0,7.3,0.0,2026-08-03,"Bio-Rad Laboratories, Inc. Class A Common Stock",NYSE
baseline,2026-08-03,2026-08-26T20:11:36.344139+00:00,FBIZ,73.6,ブレイク接近,71.12,13.1,254.2,7,1.95,21738728,10.3,24.1,70.2,0.0,2026-08-03,"First Business Financial Services, Inc. - Common Stock",NASDAQ
baseline,2026-08-03,2026-08-26T20:11:36.344139+00:00,HD,73.6,右肩上がり確認,355.62,23.4,66.8,6,0.86,7407749945,5.1,3.5,6.7,-14.1,2026-08-03,"Home Depot, Inc. (The) Common Stock",NYSE
baseline,2026-08-03,2026-08-26T20:11:36.344139+00:00,CBSH,73.4,ブレイク接近,59.08,13.2,162.5,10,1.0,352780174,2.9,11.8,15.1,-0.3,2026-08-03,"Commerce Bancshares, Inc. - Common Stock",NASDAQ
baseline,2026-08-03,2026-08-26T20:11:36.344139+00:00,BLCO,73.3,底固め中,16.78,18.7,55.7,8,1.04,32764278,4.1,2.2,3.5,-8.3,2026-08-03,Bausch + Lomb Corporation Common Shares,NYSE
baseline,2026-08-03,2026-08-26T20:11:36.344139+00:00,HGTY,73.3,ブレイク接近,13.61,20.6,136.0,13,0.96,9139902,15.9,15.4,36.2,-1.5,2026-08-03,"Hagerty, Inc. Class A Common Stock",NYSE
baseline,2026-08-03,2026-08-26T20:11:36.344139+00:00,CVBF,73.3,ブレイク接近,22.66,13.2,159.2,10,0.93,185889137,3.1,13.2,26.6,-0.7,2026-08-03,CVB Financial Corporation - Common Stock,NASDAQ
baseline,2026-08-03,2026-08-26T20:11:36.344139+00:00,FCF,73.2,ブレイク接近,21.51,10.6,249.3,9,1.42,84560337,5.6,19.1,46.7,0.0,2026-08-03,First Commonwealth Financial Corporation Common Stock,NYSE
baseline,2026-08-03,2026-08-26T20:11:36.344139+00:00,PRK,73.1,ブレイク接近,203.4,11.0,251.7,10,1.27,112500572,8.5,20.7,45.5,-2.3,2026-08-03,Park National Corporation Common Stock,NYSE American
baseline,2026-08-03,2026-08-26T20:11:36.344139+00:00,APH,73.1,ブレイク接近,169.18,19.8,150.4,7,0.76,6045579525,7.3,18.3,118.6,0.0,2026-08-03,Amphenol Corporation Common Stock,NYSE
baseline,2026-08-03,2026-08-26T20:11:36.344139+00:00,GRVY,73.0,右肩上がり確認,68.12,20.3,78.9,6,0.97,17966670,8.0,9.8,8.2,-4.3,2026-08-03,"GRAVITY Co., Ltd. - American depositary shares, each representing one common share.",NASDAQ
baseline,2026-08-03,2026-08-26T20:11:36.344139+00:00,MLKN,73.0,ブレイク接近,24.49,35.3,130.9,6,0.89,90648851,22.5,36.4,22.9,0.0,2026-08-03,"MillerKnoll, Inc. - Common Stock",NASDAQ
baseline,2026-08-03,2026-08-26T20:11:36.344139+00:00,LH,72.8,ブレイク接近,319.17,13.4,179.9,16,1.32,1028575473,12.7,18.9,40.4,0.0,2026-08-03,Labcorp Holdings Inc. Common Stock,NYSE
baseline,2026-08-03,2026-08-26T20:11:36.344139+00:00,NTRA,72.8,ブレイク接近,322.1,24.4,236.6,6,0.91,2071935670,24.2,43.2,158.5,0.0,2026-08-03,"Natera, Inc. - Common Stock",NASDAQ
baseline,2026-08-03,2026-08-26T20:11:36.344139+00:00,PTC,72.6,右肩上がり確認,147.71,31.8,64.1,4,1.01,1155602883,17.4,-1.3,-8.0,-31.3,2026-08-03,PTC Inc. - Common Stock,NASDAQ
baseline,2026-08-03,2026-08-26T20:11:36.344139+00:00,LAUR,72.6,ブレイク接近,38.34,11.5,182.8,11,0.91,226146881,2.8,12.8,95.7,-5.2,2026-08-03,"Laureate Education, Inc. - Common Stock",NASDAQ
baseline,2026-08-03,2026-08-26T20:11:36.344139+00:00,XNCR,72.5,ブレイク接近,20.81,12.3,610.8,11,1.45,90876251,29.6,48.9,9.0,0.0,2026-08-03,"Xencor, Inc. - Common Stock",NASDAQ
baseline,2026-08-03,2026-08-26T20:11:36.344139+00:00,WSM,72.5,ブレイク接近,251.78,23.3,164.2,7,0.85,1246960386,10.7,26.1,85.8,0.0,2026-08-03,"Williams-Sonoma, Inc. Common Stock (DE)",NYSE
baseline,2026-08-03,2026-08-26T20:11:36.344139+00:00,FSUN,72.3,ブレイク接近,39.68,14.5,88.9,17,1.2,61216551,7.4,7.7,12.8,-1.9,2026-08-03,FirstSun Capital Bancorp - Common Stock,NASDAQ
baseline,2026-08-03,2026-08-26T20:11:36.344139+00:00,LYG,72.3,ブレイク接近,6.28,19.1,140.7,6,0.84,558036981,7.3,16.9,98.4,0.0,2026-08-03,Lloyds Banking Group Plc American Depositary Shares,NYSE
baseline,2026-08-03,2026-08-26T20:11:36.344139+00:00,MGRC,72.3,ブレイク接近,119.75,13.3,108.4,12,0.81,119857791,2.3,8.3,14.1,-3.1,2026-08-03,McGrath RentCorp - Common Stock,NASDAQ
baseline,2026-08-03,2026-08-26T20:11:36.344139+00:00,TSLX,72.3,底固め中,19.1,22.3,56.1,20,0.73,52919322,11.2,3.4,11.1,-15.1,2026-08-03,"Sixth Street Specialty Lending, Inc. Common Stock",NYSE
baseline,2026-08-03,2026-08-26T20:11:36.344139+00:00,BBY,72.1,ブレイク接近,82.0,18.9,205.1,4,0.93,1463689137,2.4,18.3,17.4,-4.9,2026-08-03,"Best Buy Co., Inc. Common Stock",NYSE
baseline,2026-08-03,2026-08-26T20:11:36.344139+00:00,MTN,72.1,ブレイク接近,148.83,15.2,150.1,7,0.84,525597406,4.2,10.6,-11.2,-3.4,2026-08-03,"Vail Resorts, Inc. Common Stock",NYSE
baseline,2026-08-03,2026-08-26T20:11:36.344139+00:00,HFWA,72.0,ブレイク接近,29.5,12.7,148.5,11,1.88,60856088,1.3,12.8,38.5,-2.5,2026-08-03,Heritage Financial Corporation - Common Stock,NASDAQ
baseline,2026-08-03,2026-08-26T20:11:36.344139+00:00,DX,72.0,右肩上がり確認,12.95,14.6,70.9,6,1.44,368042338,1.1,2.2,33.3,-4.2,2026-08-03,"Dynex Capital, Inc. Common Stock",NYSE
baseline,2026-08-03,2026-08-26T20:11:36.344139+00:00,MPB,72.0,ブレイク接近,37.6,10.1,199.7,16,1.19,34945780,6.9,16.1,44.9,-1.3,2026-08-03,Mid Penn Bancorp - Common Stock,NASDAQ
baseline,2026-08-03,2026-08-26T20:11:36.344139+00:00,FULT,72.0,ブレイク接近,24.24,13.8,161.1,10,1.06,245836874,1.9,15.7,48.4,-2.2,2026-08-03,Fulton Financial Corporation - Common Stock,NASDAQ
baseline,2026-08-03,2026-08-26T20:11:36.344139+00:00,FWONK,71.9,ブレイク接近,102.85,11.1,210.7,9,1.1,1027058349,7.8,12.1,28.2,-2.0,2026-08-03,Liberty Media Corporation - Series C Liberty Formula One Common Stock,NASDAQ
baseline,2026-08-03,2026-08-26T20:11:36.344139+00:00,DAKT,71.8,底固め中,21.43,31.3,27.5,19,1.17,54024862,7.5,4.3,68.1,-22.7,2026-08-03,"Daktronics, Inc. - Common Stock",NASDAQ
baseline,2026-08-03,2026-08-26T20:11:36.344139+00:00,SYBT,71.8,ブレイク接近,83.58,11.4,261.9,8,1.17,85174134,6.8,19.3,40.2,-1.8,2026-08-03,"Stock Yards Bancorp, Inc. - Common Stock",NASDAQ
baseline,2026-08-03,2026-08-26T20:11:36.344139+00:00,ESNT,71.8,ブレイク接近,68.72,11.9,155.1,18,0.68,238588795,8.3,11.6,29.9,0.0,2026-08-03,Essent Group Ltd. Common Shares,NYSE
baseline,2026-08-03,2026-08-26T20:11:36.344139+00:00,BOKF,71.6,ブレイク接近,143.8,8.3,175.8,20,1.06,188549951,4.2,12.4,46.2,0.0,2026-08-03,BOK Financial Corporation - Common Stock,NASDAQ
baseline,2026-08-03,2026-08-26T20:11:36.344139+00:00,ALRM,71.5,ブレイク接近,57.53,16.2,182.7,11,0.86,131306320,14.8,18.7,2.9,-2.8,2026-08-03,"Alarm.com Holdings, Inc. - Common Stock",NASDAQ
baseline,2026-08-03,2026-08-26T20:11:36.344139+00:00,WSBC,71.5,ブレイク接近,41.69,11.8,206.2,16,0.86,299086691,6.9,19.3,43.0,0.0,2026-08-03,"WesBanco, Inc. - Common Stock",NASDAQ
baseline,2026-08-03,2026-08-26T20:11:36.344139+00:00,FUNC,71.4,ブレイク接近,44.74,10.4,238.3,15,1.54,6200080,2.7,15.7,70.7,-0.9,2026-08-03,First United Corporation - Common Stock,NASDAQ
baseline,2026-08-03,2026-08-26T20:11:36.344139+00:00,ANNX,71.4,底固め中,5.41,30.5,33.8,5,1.09,109804324,1.8,3.2,22.2,-20.2,2026-08-03,"Annexon, Inc. - common stock",NASDAQ
baseline,2026-08-03,2026-08-26T20:11:36.344139+00:00,AIR,71.3,ブレイク接近,143.06,13.5,263.4,9,1.21,331636577,6.2,30.0,99.5,-0.1,2026-08-03,AAR Corp. Common Stock,NYSE
baseline,2026-08-03,2026-08-26T20:11:36.344139+00:00,ADSK,71.3,右肩上がり確認,249.08,28.2,72.5,5,0.92,2756440458,16.1,0.0,0.8,-23.7,2026-08-03,"Autodesk, Inc. - Common Stock",NASDAQ
baseline,2026-08-03,2026-08-26T20:11:36.344139+00:00,KKR,71.1,底固め中,102.81,34.5,37.7,8,1.04,2154775154,5.8,-2.8,5.7,-30.6,2026-08-03,KKR & Co. Inc. Common Stock,NYSE
baseline,2026-08-03,2026-08-26T20:11:36.344139+00:00,EPAC,71.1,底固め中,37.72,22.2,44.6,18,1.03,100027233,6.4,1.1,7.1,-13.6,2026-08-03,Enerpac Tool Group Corp. Common Stock,NYSE
baseline,2026-08-03,2026-08-26T20:11:36.344139+00:00,SFST,71.1,ブレイク接近,63.33,14.9,128.9,9,0.97,42354196,3.8,12.9,62.0,0.0,2026-08-03,"Southern First Bancshares, Inc. - Common Stock",NASDAQ
baseline,2026-08-03,2026-08-26T20:11:36.344139+00:00,QCRH,70.9,ブレイク接近,103.87,14.3,163.7,9,1.09,60440197,5.8,16.3,55.9,0.0,2026-08-03,"QCR Holdings, Inc. - Common Stock",NASDAQ
baseline,2026-08-03,2026-08-26T20:11:36.344139+00:00,SPGI,70.8,底固め中,408.19,26.0,20.7,17,0.94,4826569572,-1.4,-5.4,-1.3,-21.8,2026-08-03,S&P Global Inc. Common Stock,NYSE
baseline,2026-08-03,2026-08-26T20:11:36.344139+00:00,AS,70.7,底固め中,36.84,26.7,54.4,4,1.11,683966655,4.3,3.4,,-12.2,2026-08-03,"Amer Sports, Inc. Ordinary Shares",NYSE
baseline,2026-08-03,2026-08-26T20:11:36.344139+00:00,MELI,70.7,底固め中,1820.69,28.0,45.6,9,0.86,3742213144,4.4,-1.8,6.6,-26.4,2026-08-03,"MercadoLibre, Inc. - Common Stock",NASDAQ
baseline,2026-08-03,2026-08-26T20:11:36.344139+00:00,MBWM,70.4,ブレイク接近,60.7,10.4,221.1,14,1.31,42499729,6.4,17.9,53.8,0.0,2026-08-03,Mercantile Bank Corporation - Common Stock,NASDAQ
baseline,2026-08-03,2026-08-26T20:11:36.344139+00:00,FMBH,70.4,ブレイク接近,51.17,11.1,244.8,10,1.22,40645326,5.4,19.5,51.2,-1.8,2026-08-03,"First Mid Bancshares, Inc. - Common Stock",NASDAQ
baseline,2026-08-03,2026-08-26T20:11:36.344139+00:00,UNTY,70.3,ブレイク接近,59.66,11.9,157.4,10,1.41,18542091,3.7,11.2,62.3,0.0,2026-08-03,"Unity Bancorp, Inc. - Common Stock",NASDAQ
baseline,2026-08-03,2026-08-26T20:11:36.344139+00:00,JOYY,70.2,ブレイク接近,74.44,19.9,161.1,8,0.9,96294257,7.9,20.8,89.5,0.0,2026-08-03,JOYY Inc. - American Depositary Shares,NASDAQ
baseline,2026-08-03,2026-08-26T20:11:36.344139+00:00,CG,70.0,底固め中,47.79,36.0,27.4,4,1.1,796857020,6.6,-5.9,15.1,-28.4,2026-08-03,The Carlyle Group Inc. - Common Stock,NASDAQ
baseline,2026-08-03,2026-08-26T20:11:36.344139+00:00,LOAR,69.9,右肩上がり確認,70.87,26.0,79.5,6,0.79,269196001,-1.1,5.5,,-13.2,2026-08-03,Loar Holdings Inc. Common Stock,NYSE
baseline,2026-08-03,2026-08-26T20:11:36.344139+00:00,IFF,69.8,ブレイク接近,85.89,19.3,124.1,7,0.99,747819757,9.5,17.9,9.5,0.0,2026-08-03,"International Flavors & Fragrances, Inc. Common Stock",NYSE
baseline,2026-08-03,2026-08-26T20:11:36.344139+00:00,CRM,69.8,底固め中,192.74,33.1,54.5,4,0.93,11866612488,13.3,-3.6,-17.3,-27.2,2026-08-03,"Salesforce, Inc. Common Stock",NYSE
baseline,2026-08-03,2026-08-26T20:11:36.344139+00:00,CDRE,69.7,底固め中,32.82,36.7,30.3,11,1.08,65360931,10.2,-7.9,6.2,-25.6,2026-08-03,"Cadre Holdings, Inc. Common Stock",NYSE
baseline,2026-08-03,2026-08-26T20:11:36.344139+00:00,AXTA,69.7,ブレイク接近,38.19,26.2,141.0,4,0.75,303480933,11.9,21.7,20.9,0.0,2026-08-03,Axalta Coating Systems Ltd. Common Shares,NYSE
baseline,2026-08-03,2026-08-26T20:11:36.344139+00:00,PBYI,69.6,ブレイク接近,8.91,17.9,258.9,5,1.31,14977374,11.9,31.6,107.8,0.0,2026-08-03,Puma Biotechnology Inc - Common Stock,NASDAQ
baseline,2026-08-03,2026-08-26T20:11:36.344139+00:00,SKWD,69.6,ブレイク接近,63.67,15.3,300.8,5,1.07,178492472,11.7,29.6,,0.0,2026-08-03,"Skyward Specialty Insurance Group, Inc. - Common Stock",NASDAQ
baseline,2026-08-03,2026-08-26T20:11:36.344139+00:00,BHRB,69.6,ブレイク接近,73.42,12.7,156.3,17,0.78,58982462,5.3,13.0,26.5,0.0,2026-08-03,Burke & Herbert Financial Services Corp. - Common Stock,NASDAQ
baseline,2026-08-03,2026-08-26T20:11:36.344139+00:00,GD,69.5,ブレイク接近,392.05,14.3,153.5,4,0.98,2349734312,6.6,12.3,43.7,0.0,2026-08-03,General Dynamics Corporation Common Stock,NYSE
baseline,2026-08-03,2026-08-26T20:11:36.344139+00:00,ORRF,69.5,ブレイク接近,42.62,12.7,182.2,12,0.98,31287379,5.0,15.4,50.7,0.0,2026-08-03,"Orrstown Financial Services, Inc. - Common Stock",NASDAQ
baseline,2026-08-03,2026-08-26T20:11:36.344139+00:00,ORI,69.5,ブレイク接近,43.03,12.9,112.2,13,0.87,307218909,4.8,6.0,45.5,-0.7,2026-08-03,Old Republic International Corporation Common Stock,NYSE
baseline,2026-08-03,2026-08-26T20:11:36.344139+00:00,WMS,69.3,底固め中,143.95,25.6,30.8,10,0.8,568428704,-0.1,-2.7,11.8,-17.7,2026-08-03,"Advanced Drainage Systems, Inc. Common Stock",NYSE
baseline,2026-08-03,2026-08-26T20:11:36.344139+00:00,FWONA,69.1,ブレイク接近,93.96,11.7,197.3,7,1.14,78648386,7.1,11.7,29.3,-2.5,2026-08-03,Liberty Media Corporation - Series A Liberty Formula One Common Stock,NASDAQ
baseline,2026-08-03,2026-08-26T20:11:36.344139+00:00,ZWS,69.0,ブレイク接近,51.42,16.9,87.3,8,1.08,264853384,4.7,7.0,49.9,-2.1,2026-08-03,Zurn Elkay Water Solutions Corporation Common Stock,NYSE
baseline,2026-08-03,2026-08-26T20:11:36.344139+00:00,PUK,68.9,底固め中,28.28,21.7,39.5,4,1.16,148663349,2.0,-3.6,22.3,-13.1,2026-08-03,Prudential Public Limited Company Common Stock,NYSE
baseline,2026-08-03,2026-08-26T20:11:36.344139+00:00,OCFC,68.9,ブレイク接近,19.42,11.9,93.5,13,1.02,98750325,1.8,4.5,18.1,-2.5,2026-08-03,OceanFirst Financial Corp. - Common Stock,NASDAQ
baseline,2026-08-03,2026-08-26T20:11:36.344139+00:00,ORC,68.8,底固め中,6.56,15.6,20.5,23,1.18,172681361,-0.3,-1.3,13.2,-12.4,2026-08-03,"Orchid Island Capital, Inc. Common Stock",NYSE
baseline,2026-08-03,2026-08-26T20:11:36.344139+00:00,KHC,68.8,ブレイク接近,25.32,12.1,141.7,13,1.16,1742176457,2.7,8.0,-11.0,-4.8,2026-08-03,The Kraft Heinz Company - Common Stock,NASDAQ
baseline,2026-08-03,2026-08-26T20:11:36.344139+00:00,IFS,68.5,ブレイク接近,58.94,12.3,267.2,11,0.78,72265271,3.0,24.4,101.9,-2.9,2026-08-03,Intercorp Financial Services Inc. Common Shares,NYSE
baseline,2026-08-03,2026-08-26T20:11:36.344139+00:00,BAP,68.5,ブレイク接近,386.93,11.4,219.4,13,0.63,618383793,1.4,20.4,110.0,-3.5,2026-08-03,Credicorp Ltd. Common Stock,NYSE
baseline,2026-08-03,2026-08-26T20:11:36.344139+00:00,FNLC,68.3,ブレイク接近,35.38,10.4,298.8,12,1.31,7158931,6.2,23.8,47.4,0.0,2026-08-03,"First Bancorp, Inc (ME) - Common Stock",NASDAQ
baseline,2026-08-03,2026-08-26T20:11:36.344139+00:00,MVBF,68.3,ブレイク接近,29.97,14.0,135.8,11,0.91,7222712,3.3,11.4,40.6,-2.2,2026-08-03,MVB Financial Corp. - Common Stock,NASDAQ
baseline,2026-08-03,2026-08-26T20:11:36.344139+00:00,HBT,68.0,ブレイク接近,36.35,10.6,337.1,13,1.04,30225008,12.2,29.7,69.9,0.0,2026-08-03,"HBT Financial, Inc. - Common Stock",NASDAQ
baseline,2026-08-03,2026-08-26T20:11:36.344139+00:00,CPS,67.9,底固め中,31.4,41.6,26.6,7,1.32,26020799,8.9,0.6,62.2,-30.5,2026-08-03,Cooper-Standard Holdings Inc. Common Stock,NYSE
baseline,2026-08-03,2026-08-26T20:11:36.344139+00:00,LMNR,67.9,右肩上がり確認,13.86,19.5,70.7,4,0.82,5774963,5.6,3.2,-17.0,-15.2,2026-08-03,Limoneira Co - Common Stock,NASDAQ
baseline,2026-08-03,2026-08-26T20:11:36.344139+00:00,GE,67.8,ブレイク接近,370.08,18.0,145.2,10,0.75,7803616474,4.0,16.6,105.8,-1.8,2026-08-03,GE Aerospace Common Stock,NYSE
baseline,2026-08-03,2026-08-26T20:11:36.344139+00:00,RWAY,67.6,底固め中,6.84,38.0,47.4,7,1.13,19085525,19.7,-2.3,-14.5,-28.6,2026-08-03,Runway Growth Finance Corp. - Common Stock,NASDAQ
baseline,2026-08-03,2026-08-26T20:11:36.344139+00:00,IDXX,67.6,底固め中,586.67,26.1,31.0,18,1.09,1900267723,4.5,-5.0,13.9,-22.1,2026-08-03,"IDEXX Laboratories, Inc. - Common Stock",NASDAQ
baseline,2026-08-03,2026-08-26T20:11:36.344139+00:00,LSPD,67.5,右肩上がり確認,10.46,27.5,62.0,9,0.76,50431462,4.1,2.3,-22.7,-20.1,2026-08-03,Lightspeed Commerce Inc. Subordinate Voting Shares,NYSE
baseline,2026-08-03,2026-08-26T20:11:36.344139+00:00,STRA,67.2,ブレイク接近,84.88,13.5,104.7,11,1.3,125671042,6.4,7.0,2.6,0.0,2026-08-03,"Strategic Education, Inc. - Common Stock",NASDAQ
baseline,2026-08-03,2026-08-26T20:11:36.344139+00:00,TRNO,67.2,ブレイク接近,68.76,8.7,166.3,10,0.99,332369042,0.3,7.8,19.3,-8.4,2026-08-03,Terreno Realty Corporation Common Stock,NYSE
baseline,2026-08-03,2026-08-26T20:11:36.344139+00:00,BNTX,67.1,底固め中,93.67,26.1,26.4,14,1.12,412856301,2.4,-3.9,-13.1,-19.2,2026-08-03,BioNTech SE - American Depositary Shares,NASDAQ
baseline,2026-08-03,2026-08-26T20:11:36.344139+00:00,RERE,67.1,底固め中,4.55,32.8,36.6,8,0.9,18139636,13.1,-3.9,53.5,-21.0,2026-08-03,ATRenew Inc. American Depositary Shares (every three of which representing two Class A ordinary shares),NYSE
baseline,2026-08-03,2026-08-26T20:11:36.344139+00:00,AME,67.0,ブレイク接近,253.66,12.4,151.3,10,1.04,1386807703,7.0,14.2,45.5,0.0,2026-08-03,"AMETEK, Inc.",NYSE
baseline,2026-08-03,2026-08-26T20:11:36.344139+00:00,NAVI,66.9,底固め中,9.08,35.3,30.7,16,1.1,49742799,8.4,-4.3,-29.9,-30.3,2026-08-03,Navient Corporation - Common Stock,NASDAQ
baseline,2026-08-03,2026-08-26T20:11:36.344139+00:00,SFIX,66.9,底固め中,4.2,41.8,51.8,5,0.76,37392151,8.2,4.3,7.8,-25.9,2026-08-03,"Stitch Fix, Inc. - Class A Common Stock",NASDAQ
baseline,2026-08-03,2026-08-26T20:11:36.344139+00:00,HROW,66.8,底固め中,40.44,42.4,40.2,4,0.63,128266719,-0.2,-1.9,47.9,-25.4,2026-08-03,"Harrow, Inc. - Common Stock",NASDAQ
baseline,2026-08-03,2026-08-26T20:11:36.344139+00:00,FMNB,66.6,ブレイク接近,15.69,8.3,301.4,11,1.15,36267139,6.2,15.0,26.6,-1.1,2026-08-03,Farmers National Banc Corp. - Common Stock,NASDAQ
baseline,2026-08-03,2026-08-26T20:11:36.344139+00:00,NVRI,66.5,ブレイク接近,22.07,8.7,261.5,10,0.32,43838210,0.4,14.8,110.2,-5.2,2026-08-03,Enviri Corporation Common Stock,NYSE
baseline,2026-08-03,2026-08-26T20:11:36.344139+00:00,EYPT,66.3,底固め中,13.89,32.9,36.5,5,1.52,106867656,4.9,-1.9,28.5,-24.1,2026-08-03,"EyePoint, Inc. - Common Stock",NASDAQ
baseline,2026-08-03,2026-08-26T20:11:36.344139+00:00,BCX,66.2,底固め中,12.11,18.4,56.0,8,0.92,11138572,4.9,5.9,41.5,-8.1,2026-08-03,BlackRock Resources Common Shares of Beneficial Interest,NYSE
baseline,2026-08-03,2026-08-26T20:11:36.344139+00:00,ISTR,65.9,ブレイク接近,30.06,11.9,105.4,14,1.06,30487205,1.1,8.2,58.4,-0.2,2026-08-03,Investar Holding Corporation - Common Stock,NASDAQ
baseline,2026-08-03,2026-08-26T20:11:36.344139+00:00,NMIH,65.8,ブレイク接近,44.63,12.5,169.5,16,0.91,118474025,9.2,14.0,34.7,0.0,2026-08-03,NMI Holdings Inc - Common Stock,NASDAQ
baseline,2026-08-03,2026-08-26T20:11:36.344139+00:00,BY,65.7,ブレイク接近,38.83,9.7,272.4,11,0.95,60775943,4.9,20.0,55.0,-0.8,2026-08-03,"Byline Bancorp, Inc. Common Stock",NYSE
baseline,2026-08-03,2026-08-26T20:11:36.344139+00:00,BNTC,65.6,ブレイク接近,13.63,17.7,152.0,7,0.73,7265175,11.3,13.3,60.9,-17.5,2026-08-03,Benitec Biopharma Inc. - Common Stock,NASDAQ
baseline,2026-08-03,2026-08-26T20:11:36.344139+00:00,BME,65.5,ブレイク接近,44.11,11.0,162.5,13,1.08,9670590,4.8,10.8,26.6,0.0,2026-08-03,Blackrock Health Sciences Trust,NYSE
baseline,2026-08-03,2026-08-26T20:11:36.344139+00:00,YORW,65.5,右肩上がり確認,31.7,13.7,61.7,17,0.9,25465228,3.3,1.8,-8.2,-5.2,2026-08-03,The York Water Company - Common Stock,NASDAQ
baseline,2026-08-03,2026-08-26T20:11:36.344139+00:00,WCN,65.4,右肩上がり確認,166.71,13.2,79.4,11,0.86,1258468400,1.3,1.1,3.8,-9.2,2026-08-03,"Waste Connections, Inc. Common Shares",NYSE
baseline,2026-08-03,2026-08-26T20:11:36.344139+00:00,VRSK,65.4,底固め中,191.82,26.1,52.0,6,0.77,2263862535,1.9,-2.0,-17.4,-28.6,2026-08-03,"Verisk Analytics, Inc. - Common Stock",NASDAQ
baseline,2026-08-03,2026-08-26T20:11:36.344139+00:00,GRFS,65.3,底固め中,7.94,22.8,36.9,12,1.16,26835840,6.2,-3.6,-2.9,-24.9,2026-08-03,"Grifols, S.A. - American Depositary Shares",NASDAQ
baseline,2026-08-03,2026-08-26T20:11:36.344139+00:00,EE,65.3,底固め中,34.87,23.2,27.1,13,0.94,64012695,-5.1,2.9,43.1,-16.9,2026-08-03,"Excelerate Energy, Inc. Class A Common Stock",NYSE
baseline,2026-08-03,2026-08-26T20:11:36.344139+00:00,PRVA,65.0,右肩上がり確認,22.45,16.4,62.0,4,1.42,163415066,-9.4,-4.4,-1.9,-18.3,2026-08-03,"Privia Health Group, Inc. - Common Stock",NASDAQ
baseline,2026-08-03,2026-08-26T20:11:36.344139+00:00,KINS,64.9,ブレイク接近,19.03,13.8,215.0,8,0.92,12735490,2.6,16.4,110.7,-5.8,2026-08-03,"Kingstone Companies, Inc - Common Stock",NASDAQ
baseline,2026-08-03,2026-08-26T20:11:36.344139+00:00,USCB,64.8,ブレイク接近,22.34,9.6,229.1,18,0.99,6448073,8.9,17.1,54.1,0.0,2026-08-03,"USCB Financial Holdings, Inc.  - Class A Common Stock",NASDAQ
baseline,2026-08-03,2026-08-26T20:11:36.344139+00:00,BANF,64.8,右肩上がり確認,113.01,11.9,64.5,15,0.9,103964346,-0.6,1.8,12.8,-14.4,2026-08-03,BancFirst Corporation - Common Stock,NASDAQ
baseline,2026-08-03,2026-08-26T20:11:36.344139+00:00,BHB,64.8,ブレイク接近,39.74,11.6,218.6,10,0.85,24682474,4.6,17.8,43.2,0.0,2026-08-03,"Bar Harbor Bankshares, Inc. Common Stock",NYSE American
baseline,2026-08-03,2026-08-26T20:11:36.344139+00:00,SPOK,64.6,底固め中,11.52,21.4,46.0,19,0.96,9091306,7.3,0.2,-3.2,-31.3,2026-08-03,"Spok Holdings, Inc. - Common Stock",NASDAQ
baseline,2026-08-03,2026-08-26T20:11:36.344139+00:00,CAC,64.5,ブレイク接近,57.79,9.7,276.5,10,1.06,30266732,7.1,21.5,57.2,-0.2,2026-08-03,Camden National Corporation - Common Stock,NASDAQ
baseline,2026-08-03,2026-08-26T20:11:36.344139+00:00,BMEZ,64.5,ブレイク接近,15.97,10.1,174.5,16,0.83,12065485,5.8,11.1,28.4,0.0,2026-08-03,BlackRock Health Sciences Term Trust Common Shares of Beneficial Interest,NYSE
baseline,2026-08-03,2026-08-26T20:11:36.344139+00:00,GATX,64.0,底固め中,177.71,16.7,41.3,11,1.06,217137872,-0.0,0.9,28.7,-10.1,2026-08-03,GATX Corporation Common Stock,NYSE
baseline,2026-08-03,2026-08-26T20:11:36.344139+00:00,GAB,63.5,右肩上がり確認,5.74,12.1,75.9,17,0.86,27323874,2.8,2.7,25.2,-2.9,2026-08-03,"Gabelli Equity Trust, Inc. (The) Common Stock",NYSE
baseline,2026-08-03,2026-08-26T20:11:36.344139+00:00,BR,63.5,底固め中,166.5,36.3,36.9,7,0.84,1023297040,12.4,-6.4,-11.3,-35.2,2026-08-03,"Broadridge Financial Solutions, Inc. Common Stock",NYSE
baseline,2026-08-03,2026-08-26T20:11:36.344139+00:00,CBNK,63.3,ブレイク接近,37.78,12.1,231.8,10,0.97,11844805,7.1,21.4,50.9,0.0,2026-08-03,"Capital Bancorp, Inc. - Common Stock",NASDAQ
baseline,2026-08-03,2026-08-26T20:11:36.344139+00:00,IBOC,62.9,右肩上がり確認,73.55,9.9,96.2,14,1.0,142865543,-2.7,3.8,29.1,-5.5,2026-08-03,International Bancshares Corporation - Common Stock,NASDAQ
baseline,2026-08-03,2026-08-26T20:11:36.344139+00:00,CCU,62.8,底固め中,11.95,25.3,28.5,18,1.09,8673013,5.3,-2.6,-2.8,-18.1,2026-08-03,"Compania Cervecerias Unidas, S.A. Common Stock",NYSE
baseline,2026-08-03,2026-08-26T20:11:36.344139+00:00,TWIN,62.7,ブレイク接近,24.14,22.6,216.1,5,0.77,16770211,7.7,33.8,86.7,-0.2,2026-08-03,"Twin Disc, Incorporated - Common Stock",NASDAQ
baseline,2026-08-03,2026-08-26T20:11:36.344139+00:00,SBFG,62.6,ブレイク接近,26.97,12.3,262.0,8,0.6,6370432,7.6,21.3,58.7,-0.4,2026-08-03,"SB Financial Group, Inc. - Common Stock",NASDAQ
baseline,2026-08-03,2026-08-26T20:11:36.344139+00:00,MKL,62.5,底固め中,1875.05,15.4,29.6,15,0.9,672864161,-1.8,-5.2,13.3,-14.0,2026-08-03,Markel Group Inc. Common Stock,NYSE
baseline,2026-08-03,2026-08-26T20:11:36.344139+00:00,LKFN,62.4,ブレイク接近,61.73,11.7,102.5,10,0.79,63698518,0.9,5.2,6.1,-6.7,2026-08-03,Lakeland Financial Corporation - Common Stock,NASDAQ
baseline,2026-08-03,2026-08-26T20:11:36.344139+00:00,MGEE,62.3,ブレイク接近,81.54,10.6,96.0,16,0.64,102709285,2.0,3.7,5.7,-4.9,2026-08-03,MGE Energy Inc. - Common Stock,NASDAQ
baseline,2026-08-03,2026-08-26T20:11:36.344139+00:00,HTH,62.2,ブレイク接近,39.04,12.6,96.8,10,0.88,53644045,1.4,7.3,27.0,-1.7,2026-08-03,Hilltop Holdings Inc.,NYSE
baseline,2026-08-03,2026-08-26T20:11:36.344139+00:00,SPFI,62.1,ブレイク接近,44.65,8.5,148.9,20,1.22,38112430,3.5,8.9,41.8,-2.5,2026-08-03,"South Plains Financial, Inc. - Common Stock",NASDAQ
baseline,2026-08-03,2026-08-26T20:11:36.344139+00:00,UMH,62.1,ブレイク接近,15.9,13.6,89.7,8,0.85,45600812,3.2,4.6,7.5,-1.4,2026-08-03,"UMH Properties, Inc. Common Stock",NYSE
baseline,2026-08-03,2026-08-26T20:11:36.344139+00:00,BLW,61.9,右肩上がり確認,12.62,10.6,61.8,22,1.25,9781888,1.8,0.0,11.5,-4.0,2026-08-03,Blackrock Limited Duration Income Trust,NYSE
baseline,2026-08-03,2026-08-26T20:11:36.344139+00:00,NMRK,61.7,底固め中,14.81,21.2,22.4,15,1.07,104467146,-2.3,-5.9,27.6,-23.4,2026-08-03,"Newmark Group, Inc. - Class A Common Stock",NASDAQ
baseline,2026-08-03,2026-08-26T20:11:36.344139+00:00,BGT,61.3,ブレイク接近,10.89,8.1,108.9,26,1.46,6248762,2.7,3.6,13.2,-2.1,2026-08-03,BlackRock Floating Rate Income Trust,NYSE
baseline,2026-08-03,2026-08-26T20:11:36.344139+00:00,MQ,61.2,底固め中,15.96,14.6,27.7,16,1.18,98779688,-2.8,-6.8,-22.1,-37.3,2026-08-03,"Marqeta, Inc. - Class A Common Stock",NASDAQ
baseline,2026-08-03,2026-08-26T20:11:36.344139+00:00,BBDC,60.9,ブレイク接近,9.22,10.6,159.1,14,0.98,29250952,8.9,10.0,26.4,0.0,2026-08-03,"Barings BDC, Inc. Common Stock",NYSE
baseline,2026-08-03,2026-08-26T20:11:36.344139+00:00,SABS,60.8,底固め中,3.9,24.1,53.8,8,0.59,16443727,6.1,2.9,-17.7,-11.2,2026-08-03,"SAB Biotherapeutics, Inc. - Common Stock",NASDAQ
baseline,2026-08-03,2026-08-26T20:11:36.344139+00:00,MSEX,60.7,ブレイク接近,58.22,8.8,174.0,21,0.96,52807255,4.8,10.3,-2.9,-1.6,2026-08-03,Middlesex Water Company - Common Stock,NASDAQ
first_seen,2026-08-24,2026-08-27T20:28:36.360541+00:00,TPG,93.8,ブレイク接近,53.94,29.5,105.8,6,1.58,609990292,17.5,12.5,27.8,-16.6,2026-08-24,TPG Inc. - Class A Common Stock,NASDAQ
first_seen,2026-08-24,2026-08-27T20:28:36.360541+00:00,FRNM,90.0,ブレイク接近,13.94,22.4,101.0,23,3.19,39714844,18.7,16.5,,-0.4,2026-08-24,"Freenome, Inc. - Common stock",NASDAQ
first_seen,2026-08-24,2026-08-27T20:28:36.360541+00:00,DDS,89.9,右肩上がり確認,630.71,21.7,73.5,10,1.2,393563690,9.1,4.5,54.2,-7.4,2026-08-24,"Dillard's, Inc. Common Stock",NYSE
first_seen,2026-08-24,2026-08-27T20:28:36.360541+00:00,CACI,89.7,ブレイク接近,633.82,26.6,109.3,7,1.05,790391099,15.5,13.3,48.4,-5.5,2026-08-24,"CACI International, Inc. Class A Common Stock",NYSE
first_seen,2026-08-24,2026-08-27T20:28:36.360541+00:00,B,88.5,右肩上がり確認,47.32,30.9,79.4,6,1.11,2023626686,18.0,11.6,105.9,-6.3,2026-08-24,Barrick Mining Corporation Common Shares,NYSE
first_seen,2026-08-24,2026-08-27T20:28:36.360541+00:00,CNH,87.9,底固め中,11.43,23.9,51.3,15,1.48,745232833,5.0,7.3,-1.9,-11.6,2026-08-24,CNH Industrial N.V. Common Shares,NYSE
first_seen,2026-08-24,2026-08-27T20:28:36.360541+00:00,SE,86.9,ブレイク接近,118.32,32.0,109.0,4,1.06,2577364626,8.8,13.2,28.4,-39.6,2026-08-24,"Sea Limited American Depositary Shares, each representing one Class A Ordinary Share",NYSE
first_seen,2026-08-24,2026-08-27T20:28:36.360541+00:00,DEO,86.5,右肩上がり確認,92.09,27.0,72.8,5,1.2,509359281,4.5,7.7,-24.0,-13.4,2026-08-24,Diageo plc Common Stock,NYSE
first_seen,2026-08-24,2026-08-27T20:28:36.360541+00:00,PH,85.1,ブレイク接近,1011.2,17.2,95.0,11,1.01,3038121944,1.6,8.0,68.3,-5.8,2026-08-24,Parker-Hannifin Corporation Common Stock,NYSE
first_seen,2026-08-24,2026-08-27T20:28:36.360541+00:00,BAM,85.1,ブレイク接近,52.07,17.7,105.4,7,0.95,586588427,5.9,7.3,,-10.7,2026-08-24,Brookfield Asset Management Inc Class A Limited Voting Shares,NYSE
first_seen,2026-08-24,2026-08-27T20:28:36.360541+00:00,GFF,84.8,ブレイク接近,99.2,27.9,118.4,4,1.02,152453440,3.4,16.0,58.2,-7.5,2026-08-24,Griffon Corporation Common Stock,NYSE
first_seen,2026-08-24,2026-08-27T20:28:36.360541+00:00,BMRN,83.3,ブレイク接近,65.29,19.1,109.9,12,1.13,599144593,5.4,12.7,-13.3,-3.1,2026-08-24,BioMarin Pharmaceutical Inc. - Common Stock,NASDAQ
first_seen,2026-08-24,2026-08-27T20:28:36.360541+00:00,SA,83.3,右肩上がり確認,34.06,37.9,64.5,7,1.11,99360310,19.5,12.7,97.2,-13.4,2026-08-24,"Seabridge Gold, Inc. Common Shares New",NYSE
first_seen,2026-08-24,2026-08-27T20:28:36.360541+00:00,CCEP,82.6,ブレイク接近,107.32,18.2,90.2,10,0.88,962041375,0.8,10.5,44.1,-2.0,2026-08-24,Coca-Cola Europacific Partners plc - Ordinary Shares,NASDAQ
first_seen,2026-08-24,2026-08-27T20:28:36.360541+00:00,MMSI,82.5,ブレイク接近,89.54,25.7,133.2,6,1.17,381411924,10.6,17.6,9.2,-3.7,2026-08-24,"Merit Medical Systems, Inc. - Common Stock",NASDAQ
first_seen,2026-08-24,2026-08-27T20:28:36.360541+00:00,OWL,82.5,ブレイク接近,12.02,33.0,106.5,5,0.91,947349693,17.0,10.0,-12.7,-31.3,2026-08-24,Blue Owl Capital Inc. Class A Common Stock,NYSE
first_seen,2026-08-24,2026-08-27T20:28:36.360541+00:00,ITIC,82.2,ブレイク接近,304.0,24.8,137.5,5,1.83,81306172,6.2,20.1,59.8,0.0,2026-08-24,Investors Title Company - Common Stock,NASDAQ
first_seen,2026-08-24,2026-08-27T20:28:36.360541+00:00,QGEN,82.0,右肩上がり確認,43.74,35.3,62.1,4,1.36,665202720,4.8,3.2,0.3,-20.6,2026-08-24,Qiagen N.V. Common Shares,NYSE
first_seen,2026-08-24,2026-08-27T20:28:36.360541+00:00,DE,82.0,右肩上がり確認,622.66,19.9,72.4,6,0.88,3376162892,1.4,10.3,41.3,-5.5,2026-08-24,Deere & Company Common Stock,NYSE
first_seen,2026-08-24,2026-08-27T20:28:36.360541+00:00,BWMN,81.8,ブレイク接近,42.52,28.4,171.8,5,4.09,65284450,33.2,31.0,43.1,-3.5,2026-08-24,Bowman Consulting Group Ltd. - Common Stock,NASDAQ
first_seen,2026-08-24,2026-08-27T20:28:36.360541+00:00,GILD,81.0,ブレイク接近,148.86,19.2,85.6,16,0.85,4303363091,10.3,11.8,60.5,-2.8,2026-08-24,"Gilead Sciences, Inc. - Common Stock",NASDAQ
first_seen,2026-08-24,2026-08-27T20:28:36.360541+00:00,CRSP,80.8,ブレイク接近,59.37,23.9,94.6,9,0.9,411075286,10.6,12.1,12.2,-18.7,2026-08-24,CRISPR Therapeutics AG - Common Shares,NASDAQ
first_seen,2026-08-24,2026-08-27T20:28:36.360541+00:00,BVN,80.7,底固め中,36.3,30.6,52.8,8,1.01,156455743,13.0,10.9,119.9,-14.5,2026-08-24,Buenaventura Mining Company Inc.,NYSE
first_seen,2026-08-24,2026-08-27T20:28:36.360541+00:00,BDX,80.4,ブレイク接近,188.13,22.1,112.9,14,0.71,1478436164,11.6,18.7,10.6,-2.0,2026-08-24,"Becton, Dickinson and Company Common Stock",NYSE
first_seen,2026-08-24,2026-08-27T20:28:36.360541+00:00,P,80.3,ブレイク接近,99.24,20.2,269.3,6,1.07,1349491241,15.6,33.2,85.2,-16.0,2026-08-24,"Everpure, Inc. Class A common stock",NYSE
first_seen,2026-08-24,2026-08-27T20:28:36.360541+00:00,AJG,80.2,ブレイク接近,260.15,17.4,148.1,10,0.73,1701982934,3.8,11.9,4.7,-15.5,2026-08-24,Arthur J. Gallagher & Co. Common Stock,NYSE
first_seen,2026-08-24,2026-08-27T20:28:36.360541+00:00,SAN,80.1,ブレイク接近,14.55,17.4,189.2,4,2.35,1064552904,3.2,17.4,125.1,-1.4,2026-08-24,"Banco Santander, S.A. Sponsored ADR (Spain)",NYSE
first_seen,2026-08-24,2026-08-27T20:28:36.360541+00:00,GPC,80.1,右肩上がり確認,136.7,36.9,83.5,5,0.62,977959646,6.1,15.2,5.0,-6.1,2026-08-24,Genuine Parts Company Common Stock,NYSE
first_seen,2026-08-24,2026-08-27T20:28:36.360541+00:00,AMGN,80.0,ブレイク接近,436.99,15.3,192.1,12,0.98,4810780265,11.8,23.6,55.7,-0.5,2026-08-24,Amgen Inc. - Common Stock,NASDAQ
first_seen,2026-08-24,2026-08-27T20:28:36.360541+00:00,ITW,79.8,右肩上がり確認,281.67,16.9,71.6,12,0.63,1736483269,0.4,6.2,17.3,-5.1,2026-08-24,Illinois Tool Works Inc. Common Stock,NYSE
first_seen,2026-08-24,2026-08-27T20:28:36.360541+00:00,GEF,79.4,ブレイク接近,84.51,17.8,166.8,10,1.1,103397740,3.9,18.9,37.2,-4.7,2026-08-24,Greif Inc. Class A Common Stock,NYSE
first_seen,2026-08-24,2026-08-27T20:28:36.360541+00:00,VSEC,79.1,ブレイク接近,221.0,25.5,88.7,7,0.84,427014375,2.7,11.2,102.5,-8.6,2026-08-24,VSE Corporation - Common Stock,NASDAQ
first_seen,2026-08-24,2026-08-27T20:28:36.360541+00:00,AVY,79.0,底固め中,178.34,20.3,58.6,16,0.94,649832713,4.7,3.3,-0.8,-8.4,2026-08-24,Avery Dennison Corporation Common Stock,NYSE
first_seen,2026-08-24,2026-08-27T20:28:36.360541+00:00,RTX,79.0,ブレイク接近,212.08,18.4,110.1,8,0.82,4951614371,2.6,10.3,70.5,-4.9,2026-08-24,RTX Corporation Common Stock,NYSE
first_seen,2026-08-24,2026-08-27T20:28:36.360541+00:00,ERIE,78.5,右肩上がり確認,259.44,25.5,65.6,10,0.99,328204979,4.9,3.0,-16.8,-21.8,2026-08-24,Erie Indemnity Company - Class A Common Stock,NASDAQ
first_seen,2026-08-24,2026-08-27T20:28:36.360541+00:00,ZBH,78.5,ブレイク接近,99.48,16.4,107.8,11,0.97,1043277206,5.2,9.4,-7.5,-4.9,2026-08-24,"Zimmer Biomet Holdings, Inc. Common Stock",NYSE
first_seen,2026-08-24,2026-08-27T20:28:36.360541+00:00,SAP,78.5,ブレイク接近,221.17,22.9,143.8,9,0.79,2717476341,20.7,14.4,15.5,-17.5,2026-08-24,SAP  SE ADS,NYSE
first_seen,2026-08-24,2026-08-27T20:28:36.360541+00:00,DKL,78.3,ブレイク接近,54.94,9.7,142.3,18,2.75,39211470,1.1,10.7,44.5,-7.2,2026-08-24,"Delek Logistics Partners, L.P. Common Units representing Limited Partner Interests",NYSE
first_seen,2026-08-24,2026-08-27T20:28:36.360541+00:00,KB,78.2,ブレイク接近,121.38,16.4,119.2,10,0.61,146476570,3.9,16.2,93.7,-2.1,2026-08-24,KB Financial Group Inc,NYSE
first_seen,2026-08-24,2026-08-27T20:28:36.360541+00:00,PCTY,78.1,ブレイク接近,158.15,20.8,252.2,4,1.05,508683998,18.1,27.1,-6.0,-9.3,2026-08-24,Paylocity Holding Corporation - Common Stock,NASDAQ
first_seen,2026-08-24,2026-08-27T20:28:36.360541+00:00,ABT,78.0,ブレイク接近,111.59,27.1,89.7,7,0.57,5211500893,7.5,6.7,3.1,-16.1,2026-08-24,Abbott Laboratories Common Stock,NYSE
first_seen,2026-08-24,2026-08-27T20:28:36.360541+00:00,OC,77.9,右肩上がり確認,143.68,25.8,127.9,4,0.72,619092998,-1.3,15.4,7.7,-8.5,2026-08-24,Owens Corning Inc Common Stock New,NYSE
first_seen,2026-08-24,2026-08-27T20:28:36.360541+00:00,EHC,77.6,ブレイク接近,119.57,13.0,169.3,8,1.1,542693295,4.6,12.2,35.5,-5.0,2026-08-24,Encompass Health Corporation Common Stock,NYSE
first_seen,2026-08-24,2026-08-27T20:28:36.360541+00:00,RGA,77.3,ブレイク接近,246.02,11.8,189.6,15,0.97,415439489,4.1,15.9,37.0,-1.0,2026-08-24,"Reinsurance Group of America, Incorporated Common Stock",NYSE
first_seen,2026-08-24,2026-08-27T20:28:36.360541+00:00,DIS,76.9,ブレイク接近,106.82,15.0,93.5,11,0.94,5019550960,5.9,3.3,7.5,-8.1,2026-08-24,Walt Disney Company (The) Common Stock,NYSE
first_seen,2026-08-24,2026-08-27T20:28:36.360541+00:00,GIS,76.6,底固め中,40.44,30.6,56.0,11,0.75,1634388504,7.9,4.0,-27.2,-15.1,2026-08-24,"General Mills, Inc. Common Stock",NYSE
first_seen,2026-08-24,2026-08-27T20:28:36.360541+00:00,ZBRA,76.5,ブレイク接近,361.11,23.4,255.7,4,0.82,1191929321,16.7,41.2,25.0,-4.1,2026-08-24,Zebra Technologies Corporation - Class A Common Stock,NASDAQ
first_seen,2026-08-24,2026-08-27T20:28:36.360541+00:00,BBVA,76.1,ブレイク接近,28.69,15.2,249.7,5,1.13,204117635,6.5,22.1,131.3,-1.2,2026-08-24,Banco Bilbao Vizcaya Argentaria S.A. Common Stock,NYSE
first_seen,2026-08-24,2026-08-27T20:28:36.360541+00:00,CHD,76.1,右肩上がり確認,102.37,11.5,84.7,23,0.88,858463211,3.1,8.1,9.0,-1.8,2026-08-24,"Church & Dwight Company, Inc. Common Stock",NYSE
first_seen,2026-08-24,2026-08-27T20:28:36.360541+00:00,CCK,76.1,ブレイク接近,117.34,18.1,117.7,10,0.68,563639368,0.9,11.2,31.3,-2.8,2026-08-24,"Crown Holdings, Inc.",NYSE
first_seen,2026-08-24,2026-08-27T20:28:36.360541+00:00,EQH,76.0,ブレイク接近,50.15,21.8,157.1,5,0.72,649409998,3.8,14.1,30.7,-5.5,2026-08-24,"Equitable Holdings, Inc. Common Stock",NYSE
first_seen,2026-08-24,2026-08-27T20:28:36.360541+00:00,UGI,75.9,ブレイク接近,38.23,15.8,104.5,5,1.55,335197823,5.6,5.6,34.7,-2.7,2026-08-24,UGI Corporation Common Stock,NYSE
first_seen,2026-08-24,2026-08-27T20:28:36.360541+00:00,HTGC,75.8,ブレイク接近,17.52,12.8,228.3,8,1.16,130502383,8.6,12.8,25.0,0.0,2026-08-24,"Hercules Capital, Inc. Common Stock",NYSE
first_seen,2026-08-24,2026-08-27T20:28:36.360541+00:00,NDSN,75.8,ブレイク接近,330.84,12.5,193.1,7,1.04,561565507,8.7,18.7,39.7,-0.4,2026-08-24,Nordson Corporation - Common Stock,NASDAQ
first_seen,2026-08-24,2026-08-27T20:28:36.360541+00:00,VZLA,75.8,右肩上がり確認,4.16,34.8,72.5,5,0.96,93898386,19.3,2.4,79.2,-37.4,2026-08-24,Vizsla Silver Corp. Common Shares,NYSE American
first_seen,2026-08-24,2026-08-27T20:28:36.360541+00:00,PCAR,75.7,右肩上がり確認,126.54,14.6,93.7,10,0.91,2084795640,-0.8,5.9,35.2,-4.7,2026-08-24,PACCAR Inc. - Common Stock,NASDAQ
first_seen,2026-08-24,2026-08-27T20:28:36.360541+00:00,REXR,75.5,ブレイク接近,37.12,16.6,86.7,9,0.83,478383992,2.0,2.3,-10.9,-12.0,2026-08-24,"Rexford Industrial Realty, Inc. Common Stock",NYSE
first_seen,2026-08-24,2026-08-27T20:28:36.360541+00:00,JOE,75.5,右肩上がり確認,67.91,15.7,66.7,14,0.79,67088113,5.4,4.9,29.9,-5.2,2026-08-24,St. Joe Company (The) Common Stock,NYSE
first_seen,2026-08-24,2026-08-27T20:28:36.360541+00:00,DRI,75.4,ブレイク接近,211.13,11.4,88.7,19,0.72,1226776105,1.1,5.6,27.6,-6.3,2026-08-24,"Darden Restaurants, Inc. Common Stock",NYSE
first_seen,2026-08-24,2026-08-27T20:28:36.360541+00:00,NSC,75.1,ブレイク接近,347.93,11.1,198.4,8,0.96,1900212544,3.9,13.3,42.3,-0.8,2026-08-24,Norfolk Southern Corporation Common Stock,NYSE
first_seen,2026-08-24,2026-08-27T20:28:36.360541+00:00,WHD,75.1,ブレイク接近,68.53,21.8,181.9,4,0.88,234991065,12.3,25.8,40.0,-6.5,2026-08-24,"Cactus, Inc. Class A Common Stock",NYSE
first_seen,2026-08-24,2026-08-27T20:28:36.360541+00:00,APO,75.1,ブレイク接近,133.44,21.3,107.4,7,0.86,2327566441,6.2,5.2,21.0,-9.0,2026-08-24,"Apollo Global Management, Inc. (New) Common Stock",NYSE
first_seen,2026-08-24,2026-08-27T20:28:36.360541+00:00,RPC,74.8,底固め中,8.71,31.9,56.8,4,1.3,22532009,3.1,0.8,-12.4,-27.3,2026-08-24,"Ridgepost Capital, Inc. Class A Common Stock",NYSE
first_seen,2026-08-24,2026-08-27T20:28:36.360541+00:00,AGM,74.8,ブレイク接近,222.64,18.5,264.3,5,0.69,119498431,3.4,24.4,36.2,-5.5,2026-08-24,Federal Agricultural Mortgage Corporation Common Stock,NYSE
first_seen,2026-08-24,2026-08-27T20:28:36.360541+00:00,VRTX,74.5,ブレイク接近,547.55,14.7,169.6,15,0.77,3252552624,8.6,17.6,31.6,-0.1,2026-08-24,Vertex Pharmaceuticals Incorporated - Common Stock,NASDAQ
first_seen,2026-08-24,2026-08-27T20:28:36.360541+00:00,GPN,74.3,ブレイク接近,92.74,22.1,160.0,11,0.85,1292200714,11.4,23.6,-3.9,-0.8,2026-08-24,Global Payments Inc. Common Stock,NYSE
first_seen,2026-08-24,2026-08-27T20:28:36.360541+00:00,BEKE,74.3,右肩上がり確認,17.73,22.4,84.4,5,0.76,291676719,7.7,7.0,8.7,-10.0,2026-08-24,KE Holdings Inc American Depositary Shares (each representing three Class A Ordinary Shares),NYSE
first_seen,2026-08-24,2026-08-27T20:28:36.360541+00:00,EMN,74.2,底固め中,72.65,17.4,59.0,7,0.75,378647292,2.6,3.7,-5.3,-7.1,2026-08-24,Eastman Chemical Company Common Stock,NYSE
first_seen,2026-08-24,2026-08-27T20:28:36.360541+00:00,BSM,74.1,ブレイク接近,14.93,11.6,112.7,16,1.45,27575858,5.1,8.3,19.2,0.0,2026-08-24,"Black Stone Minerals, L.P. Common units representing limited partner interests",NYSE
first_seen,2026-08-24,2026-08-27T20:28:36.360541+00:00,IBEX,74.1,ブレイク接近,37.25,24.5,126.5,6,1.0,16710867,7.5,13.1,52.5,-10.4,2026-08-24,IBEX Limited - Common Share,NASDAQ
first_seen,2026-08-24,2026-08-27T20:28:36.360541+00:00,WPP,73.9,ブレイク接近,25.95,19.8,310.2,4,1.12,54150505,20.2,34.4,-28.1,-5.8,2026-08-24,WPP plc American Depositary Shares,NYSE
first_seen,2026-08-24,2026-08-27T20:28:36.360541+00:00,VYX,73.9,右肩上がり確認,9.18,37.6,81.9,6,1.02,84763672,11.5,10.1,-27.3,-31.0,2026-08-24,NCR Voyix Corporation Common Stock,NYSE
first_seen,2026-08-24,2026-08-27T20:28:36.360541+00:00,CRON,73.8,ブレイク接近,3.39,11.5,322.6,7,1.53,19109657,13.8,23.9,48.0,0.0,2026-08-24,Cronos Group Inc. - Common Share,NASDAQ
first_seen,2026-08-24,2026-08-27T20:28:36.360541+00:00,DXPE,73.8,ブレイク接近,192.81,16.3,257.1,5,0.95,118416155,9.9,31.0,155.6,-4.0,2026-08-24,"DXP Enterprises, Inc. - Common Stock",NASDAQ
first_seen,2026-08-24,2026-08-27T20:28:36.360541+00:00,RCBC,73.7,ブレイク接近,49.81,9.1,220.1,20,13.04,6285531,7.3,15.1,63.5,0.0,2026-08-24,River City Bank - Common stock,NASDAQ
first_seen,2026-08-24,2026-08-27T20:28:36.360541+00:00,LAD,73.3,ブレイク接近,371.04,29.3,128.8,6,0.64,523557335,7.1,20.0,28.0,-3.6,2026-08-24,"Lithia Motors, Inc. Common Stock",NYSE
first_seen,2026-08-24,2026-08-27T20:28:36.360541+00:00,SKYW,72.9,右肩上がり確認,98.87,23.3,71.3,6,0.68,193778091,-3.4,1.9,34.1,-17.1,2026-08-24,"SkyWest, Inc. - Common Stock",NASDAQ
first_seen,2026-08-24,2026-08-27T20:28:36.360541+00:00,LXP,72.8,ブレイク接近,61.06,10.5,307.0,8,1.07,215284394,3.8,19.1,42.5,0.0,2026-08-24,LXP Industrial Trust Common Stock (Maryland REIT),NYSE
first_seen,2026-08-24,2026-08-27T20:28:36.360541+00:00,ZBIO,72.8,ブレイク接近,32.62,33.8,169.7,5,0.89,115507859,8.7,26.6,,-23.2,2026-08-24,"Zenas BioPharma, Inc. - Common Stock",NASDAQ
first_seen,2026-08-24,2026-08-27T20:28:36.360541+00:00,V,72.5,ブレイク接近,379.66,10.7,242.1,10,0.81,12880268993,5.4,14.3,32.4,0.0,2026-08-24,Visa Inc.,NYSE
first_seen,2026-08-24,2026-08-27T20:28:36.360541+00:00,USFD,72.5,ブレイク接近,107.78,19.5,140.3,5,0.77,1154964238,4.3,18.8,74.3,-1.7,2026-08-24,US Foods Holding Corp. Common Stock,NYSE
first_seen,2026-08-24,2026-08-27T20:28:36.360541+00:00,NKSH,72.4,ブレイク接近,40.7,10.8,162.8,19,1.45,7314668,4.3,13.3,41.3,-4.0,2026-08-24,"National Bankshares, Inc. - Common Stock",NASDAQ
first_seen,2026-08-24,2026-08-27T20:28:36.360541+00:00,RLI,72.4,ブレイク接近,64.22,21.1,137.4,6,0.62,240479226,3.1,11.8,3.5,-1.8,2026-08-24,RLI Corp. Common Stock (DE),NYSE
first_seen,2026-08-24,2026-08-27T20:28:36.360541+00:00,HLN,72.2,底固め中,10.04,19.4,53.0,11,0.77,443830462,2.6,3.0,14.0,-9.1,2026-08-24,Haleon plc American Depositary Shares (Each representing two Ordinary Shares),NYSE
first_seen,2026-08-24,2026-08-27T20:28:36.360541+00:00,ATNI,72.1,ブレイク接近,29.69,17.9,128.7,7,1.33,11165646,9.9,16.4,16.2,-7.1,2026-08-24,"ATN International, Inc. - Common Stock",NASDAQ
first_seen,2026-08-24,2026-08-27T20:28:36.360541+00:00,CLX,72.1,底固め中,103.63,30.6,46.1,4,1.02,1200111674,4.5,2.2,-17.7,-16.5,2026-08-24,Clorox Company (The) Common Stock,NYSE
first_seen,2026-08-24,2026-08-27T20:28:36.360541+00:00,VEON,72.1,ブレイク接近,60.4,17.4,142.6,4,0.9,23423687,10.7,14.0,76.7,0.0,2026-08-24,VEON Ltd. - American Depositary Shares,NASDAQ
first_seen,2026-08-24,2026-08-27T20:28:36.360541+00:00,MDT,72.0,右肩上がり確認,89.97,27.7,60.1,5,0.66,3008976643,4.4,1.8,11.1,-12.5,2026-08-24,Medtronic plc. Ordinary Shares,NYSE
first_seen,2026-08-24,2026-08-27T20:28:36.360541+00:00,PANL,71.9,底固め中,7.9,28.9,48.4,8,0.73,14108175,7.4,5.5,33.3,-14.9,2026-08-24,Pangaea Logistics Solutions Ltd. - Common Stock,NASDAQ
first_seen,2026-08-24,2026-08-27T20:28:36.360541+00:00,OTEX,71.8,ブレイク接近,25.18,18.4,98.2,6,0.75,189296253,5.6,0.0,-15.9,-34.0,2026-08-24,Open Text Corporation - Common Shares,NASDAQ
first_seen,2026-08-24,2026-08-27T20:28:36.360541+00:00,MOS,71.7,底固め中,23.76,27.4,33.0,12,0.9,853407496,5.9,-2.1,-21.4,-30.8,2026-08-24,Mosaic Company (The) Common Stock,NYSE
first_seen,2026-08-24,2026-08-27T20:28:36.360541+00:00,WBD,71.5,ブレイク接近,28.88,10.4,104.4,23,0.88,2874401895,6.6,5.5,99.2,-3.7,2026-08-24,"Warner Bros. Discovery, Inc. - Series A Common Stock",NASDAQ
first_seen,2026-08-24,2026-08-27T20:28:36.360541+00:00,SONO,71.3,底固め中,15.1,25.6,54.8,7,0.68,135434779,1.3,-1.7,0.9,-21.1,2026-08-24,"Sonos, Inc. - Common Stock",NASDAQ
first_seen,2026-08-24,2026-08-27T20:28:36.360541+00:00,BFC,71.2,ブレイク接近,151.85,14.0,107.0,7,0.7,64561140,0.3,8.5,53.8,-3.9,2026-08-24,Bank First Corporation - Common Stock,NASDAQ
first_seen,2026-08-24,2026-08-27T20:28:36.360541+00:00,AES,71.0,底固め中,14.75,19.0,33.9,25,0.83,546620391,0.7,2.8,-3.0,-12.6,2026-08-24,The AES Corporation Common Stock,NYSE
first_seen,2026-08-24,2026-08-27T20:28:36.360541+00:00,LMT,71.0,底固め中,565.89,24.6,38.2,12,0.79,3070724173,1.5,1.5,20.8,-15.2,2026-08-24,Lockheed Martin Corporation Common Stock,NYSE
first_seen,2026-08-24,2026-08-27T20:28:36.360541+00:00,WTBA,70.6,ブレイク接近,28.38,12.7,187.2,14,1.29,8976396,2.7,16.5,49.8,-4.9,2026-08-24,West Bancorporation - Common Stock,NASDAQ
first_seen,2026-08-24,2026-08-27T20:28:36.360541+00:00,TTC,70.6,ブレイク接近,99.45,13.9,89.8,14,0.67,266325568,3.1,9.2,14.8,-1.4,2026-08-24,Toro Company (The) Common Stock,NYSE
first_seen,2026-08-24,2026-08-27T20:28:36.360541+00:00,NBBK,70.5,ブレイク接近,22.36,14.1,103.3,11,1.22,35900712,1.8,7.0,,-2.7,2026-08-24,"NB Bancorp, Inc. - Common Stock",NASDAQ
first_seen,2026-08-24,2026-08-27T20:28:36.360541+00:00,CPK,70.5,ブレイク接近,133.3,10.3,91.7,18,0.85,127441332,1.1,4.3,15.5,-2.5,2026-08-24,Chesapeake Utilities Corporation Common Stock,NYSE
first_seen,2026-08-24,2026-08-27T20:28:36.360541+00:00,URBN,70.4,ブレイク接近,78.79,15.5,156.1,5,0.98,413660614,6.8,9.3,59.6,-3.7,2026-08-24,"Urban Outfitters, Inc. - Common Stock",NASDAQ
first_seen,2026-08-24,2026-08-27T20:28:36.360541+00:00,DGX,70.3,ブレイク接近,244.61,11.6,242.0,17,0.83,1074478577,8.0,22.8,57.6,0.0,2026-08-24,Quest Diagnostics Incorporated Common Stock,NYSE
first_seen,2026-08-24,2026-08-27T20:28:36.360541+00:00,PGY,70.2,ブレイク接近,23.26,42.9,157.8,5,0.73,275002605,21.3,35.4,42.4,-45.0,2026-08-24,Pagaya Technologies Ltd. - Class A Ordinary Shares,NASDAQ
first_seen,2026-08-24,2026-08-27T20:28:36.360541+00:00,GCMG,70.1,ブレイク接近,13.68,20.7,177.9,5,0.89,31918279,4.1,20.2,41.2,-1.3,2026-08-24,GCM Grosvenor Inc. - Class A Common Stock,NASDAQ
first_seen,2026-08-24,2026-08-27T20:28:36.360541+00:00,MSFT,70.1,ブレイク接近,505.06,12.8,288.1,7,0.69,71132374253,15.7,18.3,29.3,-2.7,2026-08-24,Microsoft Corporation - Common Stock,NASDAQ
first_seen,2026-08-24,2026-08-27T20:28:36.360541+00:00,UNP,69.8,ブレイク接近,307.67,11.3,247.3,7,0.78,4084145113,4.6,18.5,37.6,-0.1,2026-08-24,Union Pacific Corporation Common Stock,NYSE
first_seen,2026-08-24,2026-08-27T20:28:36.360541+00:00,BCPC,69.6,ブレイク接近,177.86,13.6,85.5,16,0.75,162611835,3.8,6.6,17.7,-2.0,2026-08-24,Balchem Corporation - Common Stock,NASDAQ
first_seen,2026-08-24,2026-08-27T20:28:36.360541+00:00,BSVN,69.5,ブレイク接近,52.34,14.7,218.1,6,1.73,9503662,3.0,17.4,53.3,0.0,2026-08-24,Bank7 Corp. - Common stock,NASDAQ
first_seen,2026-08-24,2026-08-27T20:28:36.360541+00:00,MRK,69.3,ブレイク接近,149.54,9.4,340.3,12,1.11,6623253000,11.8,26.9,47.1,-2.0,2026-08-24,"Merck & Company, Inc. Common Stock (new)",NYSE
first_seen,2026-08-24,2026-08-27T20:28:36.360541+00:00,DD,68.9,底固め中,138.8,15.5,51.6,7,0.95,988862481,0.0,1.6,39.6,-7.5,2026-08-24,"DuPont de Nemours, Inc. Common Stock",NYSE
first_seen,2026-08-24,2026-08-27T20:28:36.360541+00:00,SEIC,68.9,ブレイク接近,111.3,10.3,415.0,10,0.83,355483480,10.5,26.6,54.7,0.0,2026-08-24,SEI Investments Company - Common Stock,NASDAQ
first_seen,2026-08-24,2026-08-27T20:28:36.360541+00:00,BMY,68.4,ブレイク接近,66.95,12.5,177.2,11,0.91,3381222713,7.4,16.3,30.4,-0.1,2026-08-24,Bristol-Myers Squibb Company Common Stock,NYSE
first_seen,2026-08-24,2026-08-27T20:28:36.360541+00:00,FRBA,68.2,右肩上がり確認,17.86,13.8,131.6,11,1.12,8872349,-0.8,7.9,30.0,-6.1,2026-08-24,First Bank  - Common Stock,NASDAQ
first_seen,2026-08-24,2026-08-27T20:28:36.360541+00:00,HQH,68.2,ブレイク接近,23.18,11.8,306.6,6,1.08,26519168,6.4,22.6,65.0,-2.3,2026-08-24,abrdn Healthcare Investors Shares of Beneficial Interest,NYSE
first_seen,2026-08-24,2026-08-27T20:28:36.360541+00:00,IMCR,67.8,ブレイク接近,36.75,14.8,177.9,11,0.79,82544808,7.8,13.0,-15.6,-7.0,2026-08-24,Immunocore Holdings plc - American Depositary Shares,NASDAQ
first_seen,2026-08-24,2026-08-27T20:28:36.360541+00:00,JCI,67.8,右肩上がり確認,142.21,9.8,91.1,11,0.73,2338816489,-1.5,5.8,68.0,-7.4,2026-08-24,Johnson Controls International plc Ordinary Share,NYSE
first_seen,2026-08-24,2026-08-27T20:28:36.360541+00:00,HSBC,67.6,ブレイク接近,102.85,15.1,197.5,5,0.78,625088046,1.7,17.2,106.6,-2.9,2026-08-24,"HSBC Holdings, plc. Common Stock",NYSE
first_seen,2026-08-24,2026-08-27T20:28:36.360541+00:00,MBUU,67.6,右肩上がり確認,28.8,22.6,60.4,11,0.66,28247401,2.7,1.6,-28.4,-16.6,2026-08-24,"Malibu Boats, Inc. - Common Stock",NASDAQ
first_seen,2026-08-24,2026-08-27T20:28:36.360541+00:00,BBT,67.2,ブレイク接近,31.54,12.0,110.6,12,0.9,113769328,2.2,9.1,30.5,-1.7,2026-08-24,Beacon Financial Corporation Common stock,NYSE
first_seen,2026-08-24,2026-08-27T20:28:36.360541+00:00,PLUS,67.2,ブレイク接近,87.66,14.0,113.9,6,0.87,103366509,0.6,3.9,23.2,-4.8,2026-08-24,ePlus inc. - Common Stock,NASDAQ
first_seen,2026-08-24,2026-08-27T20:28:36.360541+00:00,NRIX,67.2,ブレイク接近,26.88,14.4,514.3,6,0.51,134339893,9.3,42.8,87.5,-0.6,2026-08-24,"Nurix Therapeutics, Inc. - Common stock",NASDAQ
first_seen,2026-08-24,2026-08-27T20:28:36.360541+00:00,SOFI,67.1,右肩上がり確認,19.18,27.0,70.2,9,0.59,5853906593,6.7,-3.7,49.4,-35.5,2026-08-24,"SoFi Technologies, Inc.  - Common Stock",NASDAQ
first_seen,2026-08-24,2026-08-27T20:28:36.360541+00:00,KYMR,67.0,ブレイク接近,120.23,18.9,267.7,6,0.86,361681750,5.9,35.6,162.5,0.0,2026-08-24,"Kymera Therapeutics, Inc. - Common Stock",NASDAQ
first_seen,2026-08-24,2026-08-27T20:28:36.360541+00:00,BGY,67.0,ブレイク接近,5.9,15.2,97.8,4,0.63,5565414,2.8,5.4,25.0,-0.3,2026-08-24,Blackrock Enhanced International Dividend Trust,NYSE
first_seen,2026-08-24,2026-08-27T20:28:36.360541+00:00,CTRN,66.7,ブレイク接近,68.67,12.6,456.0,7,0.88,48935404,5.2,35.8,130.5,-7.1,2026-08-24,"Citi Trends, Inc. - Common Stock",NASDAQ
first_seen,2026-08-24,2026-08-27T20:28:36.360541+00:00,VOD,66.5,ブレイク接近,15.88,14.6,121.2,4,1.01,332717388,3.9,9.3,61.7,-3.3,2026-08-24,Vodafone Group Plc - American Depositary Shares each representing ten Ordinary Shares,NASDAQ
first_seen,2026-08-24,2026-08-27T20:28:36.360541+00:00,BCE,66.2,底固め中,23.4,17.0,48.3,7,0.84,392974402,4.5,-0.8,-16.0,-8.8,2026-08-24,"BCE, Inc. Common Stock",NYSE
first_seen,2026-08-24,2026-08-27T20:28:36.360541+00:00,PFS,66.1,右肩上がり確認,23.56,13.8,115.6,7,0.76,107213435,-1.1,8.4,37.8,-4.4,2026-08-24,"Provident Financial Services, Inc Common Stock",NYSE
first_seen,2026-08-24,2026-08-27T20:28:36.360541+00:00,MRP,66.1,ブレイク接近,30.5,14.2,104.4,10,0.62,154597208,3.9,6.6,,-2.6,2026-08-24,"Millrose Properties, Inc. Class A Common Stock",NYSE
first_seen,2026-08-24,2026-08-27T20:28:36.360541+00:00,IMMR,65.6,ブレイク接近,7.79,16.9,214.3,4,0.79,21052351,9.2,20.7,11.7,0.0,2026-08-24,Immersion Corporation - Common Stock,NASDAQ
first_seen,2026-08-24,2026-08-27T20:28:36.360541+00:00,LAZ,65.5,底固め中,43.22,30.5,29.6,7,0.65,344236892,1.4,-5.8,9.8,-21.5,2026-08-24,"Lazard, Inc. Common Stock",NYSE
first_seen,2026-08-24,2026-08-27T20:28:36.360541+00:00,ATAI,65.4,ブレイク接近,7.35,13.7,754.7,4,0.58,484005350,10.6,59.8,185.4,-0.4,2026-08-24,AtaiBeckley Inc. - Common Stock,NASDAQ
first_seen,2026-08-24,2026-08-27T20:28:36.360541+00:00,AMBA,65.3,右肩上がり確認,71.16,25.8,118.0,6,0.58,595589151,-4.8,3.7,8.1,-20.6,2026-08-24,"Ambarella, Inc. - Ordinary Shares",NASDAQ
first_seen,2026-08-24,2026-08-27T20:28:36.360541+00:00,HRZN,65.0,底固め中,4.82,39.2,52.0,6,1.03,14982175,6.1,1.6,-27.8,-19.2,2026-08-24,Horizon Technology Finance Corporation - Common Stock,NASDAQ
first_seen,2026-08-24,2026-08-27T20:28:36.360541+00:00,SD,64.8,底固め中,14.12,22.7,26.0,12,1.03,20375621,3.3,-3.6,17.2,-16.8,2026-08-24,"SandRidge Energy, Inc. Common Stock",NYSE
first_seen,2026-08-24,2026-08-27T20:28:36.360541+00:00,CP,64.8,ブレイク接近,93.86,10.7,171.3,9,0.92,1130717746,2.4,12.8,20.0,-2.9,2026-08-24,Canadian Pacific Kansas City Limited Common Shares,NYSE
first_seen,2026-08-24,2026-08-27T20:28:36.360541+00:00,DOO,64.7,底固め中,62.12,32.0,26.5,10,0.87,66309822,-0.2,-6.3,-2.1,-23.5,2026-08-24,BRP Inc. - Common Subordinate Voting Shares,NASDAQ
first_seen,2026-08-24,2026-08-27T20:28:36.360541+00:00,NIC,64.7,ブレイク接近,171.41,14.8,145.4,11,0.51,154432987,0.8,15.3,67.5,-4.3,2026-08-24,Nicolet Bankshares Inc. Common Stock,NYSE
first_seen,2026-08-24,2026-08-27T20:28:36.360541+00:00,ABG,64.5,右肩上がり確認,210.67,21.9,62.7,5,0.88,267079202,-2.0,-1.9,-5.9,-18.2,2026-08-24,Asbury Automotive Group Inc Common Stock,NYSE
first_seen,2026-08-24,2026-08-27T20:28:36.360541+00:00,DCH,64.2,底固め中,6.32,40.5,34.1,7,0.75,86266598,7.9,-1.0,-6.0,-26.7,2026-08-24,Dauch Corporation Common Stock,NYSE
first_seen,2026-08-24,2026-08-27T20:28:36.360541+00:00,GIC,64.1,ブレイク接近,39.62,13.0,260.5,8,1.16,21699317,9.4,24.2,36.2,0.0,2026-08-24,Global Industrial Company Common Stock,NYSE
first_seen,2026-08-24,2026-08-27T20:28:36.360541+00:00,MAT,64.0,底固め中,14.92,38.0,19.5,9,0.81,308446185,3.9,-9.7,-18.6,-30.6,2026-08-24,"Mattel, Inc. - Common Stock",NASDAQ
first_seen,2026-08-24,2026-08-27T20:28:36.360541+00:00,MDXG,63.8,右肩上がり確認,4.51,33.8,62.3,9,0.82,26868595,7.2,-3.2,-27.8,-41.0,2026-08-24,"MiMedx Group, Inc - Common Stock",NASDAQ
first_seen,2026-08-24,2026-08-27T20:28:36.360541+00:00,BDJ,63.7,ブレイク接近,9.79,11.8,145.4,7,0.78,20140950,1.7,8.0,33.5,-0.7,2026-08-24,Blackrock Enhanced Equity Dividend Trust,NYSE
first_seen,2026-08-24,2026-08-27T20:28:36.360541+00:00,IEX,63.6,ブレイク接近,233.98,12.9,188.8,5,0.76,747695456,2.1,14.0,16.9,-2.1,2026-08-24,IDEX Corporation Common Stock,NYSE
first_seen,2026-08-24,2026-08-27T20:28:36.360541+00:00,SPB,63.3,ブレイク接近,88.5,13.0,190.5,5,1.09,147851537,1.3,16.8,25.7,-1.3,2026-08-24,"Spectrum Brands Holdings, Inc. Common Stock",NYSE
first_seen,2026-08-24,2026-08-27T20:28:36.360541+00:00,PRI,63.0,右肩上がり確認,291.44,10.6,166.3,9,0.97,266973595,-4.2,7.2,25.3,-8.9,2026-08-24,"Primerica, Inc. Common Stock",NYSE
first_seen,2026-08-24,2026-08-27T20:28:36.360541+00:00,CZNC,62.9,ブレイク接近,25.49,14.1,165.8,9,1.09,8257214,4.4,15.3,38.4,-1.9,2026-08-24,Citizens & Northern Corp - Common Stock,NASDAQ
first_seen,2026-08-24,2026-08-27T20:28:36.360541+00:00,TDY,62.4,底固め中,626.5,12.9,37.8,18,0.76,1152929076,-3.5,1.8,30.6,-9.4,2026-08-24,Teledyne Technologies Incorporated Common Stock,NYSE
first_seen,2026-08-24,2026-08-27T20:28:36.360541+00:00,BTZ,62.2,ブレイク接近,10.16,8.7,90.9,21,1.16,15004795,0.9,1.8,15.1,-1.4,2026-08-24,BlackRock Credit Allocation Income Trust,NYSE
first_seen,2026-08-24,2026-08-27T20:28:36.360541+00:00,HSY,61.9,底固め中,181.32,26.9,18.0,13,0.56,1312910793,1.8,-4.8,-2.6,-22.1,2026-08-24,The Hershey Company Common Stock,NYSE
first_seen,2026-08-24,2026-08-27T20:28:36.360541+00:00,COO,61.6,底固め中,70.96,29.1,46.4,5,0.59,668423406,-2.5,-3.7,-16.5,-15.6,2026-08-24,"The Cooper Companies, Inc.  - Common Stock",NASDAQ
first_seen,2026-08-24,2026-08-27T20:28:36.360541+00:00,TRIN,61.4,ブレイク接近,18.7,9.7,348.7,9,1.05,88902974,5.9,20.6,64.3,0.0,2026-08-24,Trinity Capital Inc. Common Stock,NYSE
first_seen,2026-08-24,2026-08-27T20:28:36.360541+00:00,BIPC,61.2,底固め中,39.38,25.0,19.3,12,0.91,188821954,-1.8,-7.2,5.1,-20.2,2026-08-24,Brookfield Infrastructure Corporation Brookfield Infrastructure Corporation,NYSE
first_seen,2026-08-24,2026-08-27T20:28:36.360541+00:00,GLP,61.2,ブレイク接近,50.4,11.3,159.4,9,0.78,18415503,4.0,10.8,30.9,-0.8,2026-08-24,Global Partners LP Common Units representing Limited Partner Interests,NYSE
first_seen,2026-08-24,2026-08-27T20:28:36.360541+00:00,WASH,61.1,ブレイク接近,39.84,14.7,181.2,11,0.72,27738201,4.8,20.0,44.0,-0.9,2026-08-24,"Washington Trust Bancorp, Inc. - Common Stock",NASDAQ
first_seen,2026-08-24,2026-08-27T20:28:36.360541+00:00,AMAL,60.8,ブレイク接近,48.61,11.2,245.8,7,0.97,37058598,0.6,19.7,74.1,-4.8,2026-08-24,Amalgamated Financial Corp. - Common Stock,NASDAQ
first_seen,2026-08-24,2026-08-27T20:28:36.360541+00:00,TEL,60.1,底固め中,203.0,16.8,22.1,18,0.72,2372154356,-0.5,-5.4,28.5,-16.9,2026-08-24,TE Connectivity plc Ordinary Shares,NYSE
first_seen,2026-08-24,2026-08-27T20:28:36.360541+00:00,CBAN,60.0,ブレイク接近,21.29,9.2,130.6,17,0.5,22442446,0.4,7.9,52.1,-4.4,2026-08-24,"Colony Bankcorp, Inc. Common Stock",NYSE
first_seen,2026-08-24,2026-08-30T00:14:31.506537+00:00,III,82.6,ブレイク接近,5.13,27.4,100.4,10,1.05,5081510,14.9,10.5,25.6,-13.3,2026-08-24,"Information Services Group, Inc. - Common Stock",NASDAQ
first_seen,2026-08-24,2026-08-30T00:14:31.506537+00:00,ASB,66.7,右肩上がり確認,30.92,16.1,144.6,6,0.8,282450814,-0.6,11.2,43.4,-4.4,2026-08-24,Associated Banc-Corp Common Stock,NYSE
first_seen,2026-08-24,2026-08-30T00:14:31.506537+00:00,SYK,63.4,底固め中,330.69,26.1,45.7,6,0.9,3981912568,0.1,-1.9,1.7,-14.8,2026-08-24,Stryker Corporation Common Stock,NYSE
first_seen,2026-08-24,2026-08-30T00:14:31.506537+00:00,EARN,62.1,底固め中,4.44,16.3,59.8,7,1.12,8966829,1.6,-1.2,-0.2,-11.5,2026-08-24,Ellington Credit Company Common Shares of Beneficial Interest,NYSE
first_seen,2026-08-24,2026-08-30T00:14:31.506537+00:00,AB,61.9,右肩上がり確認,36.88,10.6,67.7,18,1.08,49510104,1.8,0.2,20.1,-7.8,2026-08-24,AllianceBernstein Holding L.P.  Units,NYSE
first_seen,2026-08-24,2026-08-30T00:14:31.506537+00:00,BOE,61.6,ブレイク接近,12.47,11.0,171.7,6,1.07,5766477,3.1,8.9,34.1,0.0,2026-08-24,Blackrock Enhanced Global Dividend Trust Common Shares of Beneficial Interest,NYSE
first_seen,2026-08-24,2026-08-30T00:14:31.506537+00:00,HIG,61.1,右肩上がり確認,138.55,10.4,81.5,16,0.84,1085177584,-0.3,2.3,34.5,-3.3,2026-08-24,"The Hartford Insurance Group, Inc. Common Stock",NYSE
first_seen,2026-08-24,2026-08-30T00:14:31.506537+00:00,CTBI,60.0,ブレイク接近,76.66,9.7,295.4,8,0.93,45450644,1.3,17.7,63.1,-2.8,2026-08-24,"Community Trust Bancorp, Inc. - Common Stock",NASDAQ
